cutoff_q,城市,train_years,holdout_years,n_units,p_holdout_repeat_2021_2022,p_holdout_mean_2021_2022,p_holdout_ever_2021_2022,X_train_2018_2020,lambda_train_2018_2020,non_escape_train_2018_2020,lambda_denominator,delta_active_train_2018_2020,delta_all3_train_2018_2020,delta_denominator,train_bottom_share_mean,train_bottom_share_2020,p11_train_2018_2020,p11_denominator,pred_pathway_active,pred_pathway_all3,pred_exposure_only,pred_independence,pred_markov_pair,pred_last_state_markov
0.1,上海,2018-2020,2021-2022,3292,0.0911300121506683,0.10024301336573511,0.10935601458080195,0.11786148238153099,0.14594594594594595,0.854054054054054,370,0.9541284403669725,0.8409785932721713,327,0.10024301336573511,0.10024301336573511,0.8954545454545455,660,0.09604264212711715,0.08465296982358082,0.11786148238153099,0.010048661728642948,0.08976306196840826,0.08976306196840826
0.1,丹东,2018-2020,2021-2022,57,0.017543859649122806,0.10526315789473684,0.19298245614035087,0.24561403508771928,0.7,0.30000000000000004,10,0.6666666666666666,0.3333333333333333,3,0.10526315789473684,0.10526315789473684,0.3333333333333333,12,0.04912280701754386,0.02456140350877193,0.24561403508771928,0.011080332409972297,0.03508771929824561,0.03508771929824561
0.1,保定,2018-2020,2021-2022,30,0.0,0.1,0.2,0.16666666666666666,0.5,0.5,4,1.0,1.0,2,0.1,0.1,0.6666666666666666,6,0.08333333333333333,0.08333333333333333,0.16666666666666666,0.010000000000000002,0.06666666666666667,0.06666666666666667
0.1,北京,2018-2020,2021-2022,4426,0.08653411658382286,0.10009037505648441,0.11364663352914596,0.12178038861274289,0.18503937007874016,0.8149606299212598,508,0.9471264367816092,0.8160919540229885,435,0.10009037505648441,0.10009037505648441,0.8679458239277652,886,0.0939987208113781,0.08099404341757092,0.12178038861274289,0.010018083178947717,0.0868730230456394,0.0868730230456394
0.1,南京,2018-2020,2021-2022,497,0.08249496981891348,0.1006036217303823,0.11871227364185111,0.13279678068410464,0.22807017543859648,0.7719298245614035,57,0.8913043478260869,0.8260869565217391,46,0.1006036217303823,0.1006036217303823,0.82,100,0.09136742652712614,0.08468200507392179,0.13279678068410464,0.01012108870526985,0.08249496981891348,0.08249496981891348
0.1,吉林,2018-2020,2021-2022,150,0.04,0.1,0.16,0.21333333333333335,0.6086956521739131,0.3913043478260869,23,0.6,0.3,10,0.1,0.1,0.4,30,0.050086956521739126,0.025043478260869563,0.21333333333333335,0.010000000000000002,0.04000000000000001,0.04000000000000001
0.1,呼和浩特,2018-2020,2021-2022,109,0.08256880733944955,0.10091743119266056,0.11926605504587157,0.11926605504587157,0.23076923076923078,0.7692307692307692,13,1.0,0.8181818181818182,11,0.10091743119266056,0.10091743119266056,0.8636363636363636,22,0.09174311926605504,0.0750625521267723,0.11926605504587157,0.010184327918525377,0.0871559633027523,0.0871559633027523
0.1,哈尔滨,2018-2020,2021-2022,358,0.030726256983240222,0.1005586592178771,0.17039106145251395,0.20670391061452514,0.6440677966101694,0.35593220338983056,59,0.875,0.4166666666666667,24,0.1005586592178771,0.1005586592178771,0.4305555555555556,72,0.0643760060600322,0.030655240980967717,0.20670391061452514,0.010112043943697139,0.04329608938547486,0.04329608938547486
0.1,唐山,2018-2020,2021-2022,75,0.05333333333333334,0.10666666666666667,0.16,0.21333333333333335,0.5,0.5,12,0.6666666666666666,0.3333333333333333,6,0.10666666666666667,0.10666666666666667,0.5,16,0.07111111111111111,0.035555555555555556,0.21333333333333335,0.01137777777777778,0.05333333333333334,0.05333333333333334
0.1,大连,2018-2020,2021-2022,1318,0.07738998482549317,0.10015174506828528,0.12291350531107739,0.1267071320182094,0.19480519480519481,0.8051948051948052,154,0.9153846153846154,0.7615384615384615,130,0.10015174506828528,0.10015174506828528,0.8446969696969697,264,0.09339113087216273,0.07769514249028665,0.1267071320182094,0.010030372040222805,0.08459787556904401,0.08459787556904401
0.1,天津,2018-2020,2021-2022,2635,0.08311195445920304,0.10018975332068311,0.11726755218216318,0.12144212523719165,0.174496644295302,0.825503355704698,298,0.9453125,0.84375,256,0.10018975332068311,0.10018975332068311,0.875,528,0.09476841180291125,0.08458668160921004,0.12144212523719165,0.010037986670459333,0.08766603415559772,0.08766603415559772
0.1,太原,2018-2020,2021-2022,92,0.08695652173913043,0.10869565217391304,0.13043478260869565,0.20652173913043478,0.5294117647058824,0.47058823529411764,17,1.0,0.375,8,0.10869565217391304,0.10869565217391304,0.55,20,0.09718670076726342,0.03644501278772378,0.20652173913043478,0.011814744801512287,0.059782608695652176,0.059782608695652176
0.1,常州,2018-2020,2021-2022,69,0.057971014492753624,0.10144927536231885,0.14492753623188406,0.18840579710144928,0.5,0.5,10,0.6666666666666666,0.3333333333333333,6,0.10144927536231885,0.10144927536231885,0.5,14,0.06280193236714976,0.03140096618357488,0.18840579710144928,0.010291955471539594,0.050724637681159424,0.050724637681159424
0.1,廊坊,2018-2020,2021-2022,226,0.06637168141592921,0.10176991150442478,0.13716814159292035,0.15486725663716813,0.3333333333333333,0.6666666666666667,30,0.75,0.4166666666666667,24,0.10176991150442478,0.10176991150442478,0.6521739130434783,46,0.07743362831858407,0.04301868239921337,0.15486725663716813,0.010357114887618452,0.06637168141592921,0.06637168141592921
0.1,张家口,2018-2020,2021-2022,27,0.037037037037037035,0.1111111111111111,0.18518518518518517,0.25925925925925924,0.6666666666666666,0.33333333333333337,6,1.0,0.0,2,0.1111111111111111,0.1111111111111111,0.3333333333333333,6,0.08641975308641976,0.0,0.25925925925925924,0.012345679012345678,0.037037037037037035,0.037037037037037035
0.1,徐州,2018-2020,2021-2022,317,0.0473186119873817,0.10094637223974763,0.15457413249211358,0.1892744479495268,0.54,0.45999999999999996,50,0.88,0.44,25,0.10094637223974763,0.10094637223974763,0.53125,64,0.07661829652996845,0.03830914826498422,0.1892744479495268,0.010190170068365692,0.05362776025236593,0.05362776025236593
0.1,无锡,2018-2020,2021-2022,312,0.057692307692307696,0.10256410256410256,0.14743589743589744,0.15705128205128205,0.4222222222222222,0.5777777777777777,45,1.0,0.6785714285714286,28,0.10256410256410256,0.10256410256410256,0.703125,64,0.09074074074074073,0.06157407407407407,0.15705128205128205,0.010519395134779749,0.07211538461538461,0.07211538461538461
0.1,沈阳,2018-2020,2021-2022,652,0.06134969325153374,0.10122699386503067,0.1411042944785276,0.15337423312883436,0.37777777777777777,0.6222222222222222,90,0.8888888888888888,0.5555555555555556,63,0.10122699386503067,0.10122699386503067,0.6893939393939394,132,0.0848292054836022,0.05301825342725139,0.15337423312883436,0.010246904286950957,0.06978527607361963,0.06978527607361963
0.1,石家庄,2018-2020,2021-2022,524,0.08396946564885496,0.10114503816793893,0.1183206106870229,0.13740458015267176,0.2857142857142857,0.7142857142857143,63,0.9565217391304348,0.8913043478260869,46,0.10114503816793893,0.10114503816793893,0.8113207547169812,106,0.09387890569437202,0.08747807121521028,0.13740458015267176,0.010230318745993824,0.08206106870229009,0.08206106870229009
0.1,长春,2018-2020,2021-2022,442,0.04751131221719457,0.10180995475113122,0.15610859728506787,0.18778280542986425,0.5,0.5,66,0.717948717948718,0.3333333333333333,39,0.10180995475113122,0.10180995475113122,0.5111111111111111,90,0.06740921220559229,0.03129713423831071,0.18778280542986425,0.010365266886427386,0.05203619909502262,0.05203619909502262
0.15,上海,2018-2020,2021-2022,3292,0.137910085054678,0.1500607533414338,0.16221142162818955,0.16828675577156743,0.10841121495327102,0.891588785046729,535,0.9713701431492843,0.8977505112474438,489,0.1500607533414338,0.1500607533414338,0.9271255060728745,988,0.14574688641302255,0.13470080660066716,0.16828675577156743,0.02251822969339863,0.1391251518833536,0.1391251518833536
0.15,丹东,2018-2020,2021-2022,57,0.07017543859649122,0.15789473684210525,0.24561403508771928,0.2982456140350877,0.5714285714285714,0.4285714285714286,14,0.8571428571428571,0.42857142857142855,7,0.15789473684210525,0.15789473684210525,0.5,18,0.1095596133190118,0.0547798066595059,0.2982456140350877,0.02493074792243767,0.07894736842105263,0.07894736842105263
0.15,保定,2018-2020,2021-2022,30,0.06666666666666667,0.16666666666666666,0.26666666666666666,0.26666666666666666,0.5714285714285714,0.4285714285714286,7,0.8,0.4,5,0.16666666666666666,0.16666666666666666,0.5,10,0.09142857142857144,0.04571428571428572,0.26666666666666666,0.027777777777777776,0.08333333333333333,0.08333333333333333
0.15,北京,2018-2020,2021-2022,4426,0.1333032083145052,0.1500225937641211,0.166741979213737,0.17826479891549932,0.145748987854251,0.854251012145749,741,0.9361702127659575,0.8282674772036475,658,0.1500225937641211,0.1500225937641211,0.8870481927710844,1328,0.1425627007607456,0.126130960900335,0.17826479891549932,0.02250677863971451,0.1330772706732942,0.1330772706732942
0.15,南京,2018-2020,2021-2022,497,0.12072434607645875,0.15090543259557343,0.18108651911468812,0.18309859154929578,0.1411764705882353,0.8588235294117648,85,0.8846153846153846,0.717948717948718,78,0.15090543259557343,0.15090543259557343,0.86,150,0.1391052195526098,0.11289698978182823,0.18309859154929578,0.022772449586857157,0.12977867203219315,0.12977867203219315
0.15,吉林,2018-2020,2021-2022,150,0.09333333333333334,0.15333333333333332,0.21333333333333335,0.32,0.5555555555555556,0.4444444444444444,36,0.6470588235294118,0.23529411764705882,17,0.15333333333333332,0.15333333333333332,0.43478260869565216,46,0.09202614379084968,0.033464052287581696,0.32,0.023511111111111108,0.06666666666666667,0.06666666666666667
0.15,呼和浩特,2018-2020,2021-2022,109,0.12844036697247707,0.1559633027522936,0.1834862385321101,0.1834862385321101,0.15789473684210525,0.8421052631578947,19,1.0,0.9375,16,0.1559633027522936,0.1559633027522936,0.9117647058823529,34,0.1545147271849348,0.14485755673587639,0.1834862385321101,0.024324551805403587,0.14220183486238533,0.14220183486238533
0.15,哈尔滨,2018-2020,2021-2022,358,0.061452513966480445,0.15083798882681565,0.24022346368715083,0.3016759776536313,0.6162790697674418,0.38372093023255816,86,0.8,0.35,40,0.15083798882681565,0.15083798882681565,0.4351851851851852,108,0.09260750941925427,0.040515785370923735,0.3016759776536313,0.02275209887331856,0.06564245810055866,0.06564245810055866
0.15,唐山,2018-2020,2021-2022,75,0.10666666666666667,0.16,0.21333333333333335,0.25333333333333335,0.25,0.75,16,0.75,0.4166666666666667,12,0.16,0.16,0.7083333333333334,24,0.14250000000000002,0.07916666666666668,0.25333333333333335,0.0256,0.11333333333333334,0.11333333333333334
0.15,大连,2018-2020,2021-2022,1318,0.1244309559939302,0.15022761760242792,0.17602427921092564,0.17223065250379363,0.11926605504587157,0.8807339449541285,218,0.9545454545454546,0.8535353535353535,198,0.15022761760242792,0.15022761760242792,0.9116161616161617,396,0.144794410111613,0.1294722503114423,0.17223065250379363,0.022568337090501312,0.13694992412746587,0.13694992412746587
0.15,天津,2018-2020,2021-2022,2635,0.1286527514231499,0.15028462998102468,0.17191650853889942,0.17533206831119544,0.1353211009174312,0.8646788990825688,436,0.9462915601023018,0.8567774936061381,391,0.15028462998102468,0.15028462998102468,0.898989898989899,792,0.14346342129524772,0.12989255711867023,0.17533206831119544,0.022585470008533504,0.13510436432637574,0.13510436432637574
0.15,太原,2018-2020,2021-2022,92,0.10869565217391304,0.15217391304347827,0.1956521739130435,0.2717391304347826,0.5,0.5,22,0.9166666666666666,0.4166666666666667,12,0.15217391304347827,0.15217391304347827,0.5714285714285714,28,0.12454710144927535,0.05661231884057971,0.2717391304347826,0.023156899810964086,0.08695652173913043,0.08695652173913043
0.15,常州,2018-2020,2021-2022,69,0.08695652173913043,0.15942028985507245,0.2318840579710145,0.2608695652173913,0.42857142857142855,0.5714285714285714,14,0.7777777777777778,0.6666666666666666,9,0.15942028985507245,0.15942028985507245,0.6363636363636364,22,0.11594202898550723,0.09937888198757762,0.2608695652173913,0.025414828817475317,0.10144927536231883,0.10144927536231883
0.15,廊坊,2018-2020,2021-2022,226,0.11061946902654868,0.1504424778761062,0.1902654867256637,0.2345132743362832,0.41304347826086957,0.5869565217391304,46,0.84375,0.53125,32,0.1504424778761062,0.1504424778761062,0.6470588235294118,68,0.11614142458637937,0.0731260821469796,0.2345132743362832,0.022632939149502707,0.09734513274336284,0.09734513274336284
0.15,张家口,2018-2020,2021-2022,27,0.1111111111111111,0.14814814814814814,0.18518518518518517,0.2962962962962963,0.625,0.375,8,1.0,0.0,4,0.14814814814814814,0.14814814814814814,0.375,8,0.1111111111111111,0.0,0.2962962962962963,0.02194787379972565,0.05555555555555555,0.05555555555555555
0.15,徐州,2018-2020,2021-2022,317,0.08201892744479496,0.15141955835962145,0.22082018927444794,0.2586750788643533,0.43478260869565216,0.5652173913043479,69,0.8536585365853658,0.5121951219512195,41,0.15141955835962145,0.15141955835962145,0.625,96,0.12481141132903581,0.07488684679742148,0.2586750788643533,0.02292788265382281,0.0946372239747634,0.0946372239747634
0.15,无锡,2018-2020,2021-2022,312,0.08012820512820513,0.15064102564102563,0.22115384615384615,0.23717948717948717,0.3709677419354839,0.6290322580645161,62,0.8333333333333334,0.5952380952380952,42,0.15064102564102563,0.15064102564102563,0.6808510638297872,94,0.12432795698924733,0.08880568356374809,0.23717948717948717,0.02269271860618014,0.10256410256410256,0.10256410256410256
0.15,沈阳,2018-2020,2021-2022,652,0.11042944785276074,0.15030674846625766,0.1901840490797546,0.21319018404907975,0.31746031746031744,0.6825396825396826,126,0.8762886597938144,0.5979381443298969,97,0.15030674846625766,0.15030674846625766,0.7346938775510204,196,0.12750942934043308,0.08700643413817785,0.21319018404907975,0.02259211863449885,0.11042944785276074,0.11042944785276074
0.15,石家庄,2018-2020,2021-2022,524,0.1049618320610687,0.15076335877862596,0.1965648854961832,0.23473282442748092,0.39622641509433965,0.6037735849056604,106,0.9393939393939394,0.7272727272727273,66,0.15076335877862596,0.15076335877862596,0.7088607594936709,158,0.13313605593599834,0.10307307556335354,0.23473282442748092,0.022729590350212693,0.10687022900763359,0.10687022900763359
0.15,长春,2018-2020,2021-2022,442,0.08144796380090498,0.1515837104072398,0.22171945701357465,0.2579185520361991,0.49,0.51,100,0.8548387096774194,0.4032258064516129,62,0.1515837104072398,0.1515837104072398,0.5671641791044776,134,0.11244416873449133,0.05303970223325062,0.2579185520361991,0.02297762126082594,0.08597285067873302,0.08597285067873302
0.2,上海,2018-2020,2021-2022,3292,0.1865127582017011,0.20018226002430134,0.21385176184690158,0.2278250303766707,0.11748251748251748,0.8825174825174825,715,0.9614791987673343,0.8906009244992296,649,0.20018226002430134,0.20018226002430134,0.917298937784522,1318,0.19331459644344032,0.17906384093639183,0.2278250303766707,0.040072937228436994,0.1836269744835966,0.1836269744835966
0.2,丹东,2018-2020,2021-2022,57,0.08771929824561403,0.21052631578947367,0.3333333333333333,0.3333333333333333,0.375,0.625,16,0.8181818181818182,0.5454545454545454,11,0.21052631578947367,0.21052631578947367,0.6666666666666666,24,0.17045454545454544,0.11363636363636362,0.3333333333333333,0.04432132963988919,0.14035087719298245,0.14035087719298245
0.2,保定,2018-2020,2021-2022,30,0.06666666666666667,0.2,0.3333333333333333,0.3333333333333333,0.5,0.5,8,0.8,0.6,5,0.2,0.2,0.5833333333333334,12,0.13333333333333333,0.09999999999999999,0.3333333333333333,0.04000000000000001,0.11666666666666668,0.11666666666666668
0.2,北京,2018-2020,2021-2022,4426,0.18300948938093087,0.20018075011296882,0.21735201084500677,0.22910076818798011,0.11813471502590674,0.8818652849740932,965,0.9522184300341296,0.8703071672354948,879,0.20018075011296882,0.20018075011296882,0.9119638826185101,1772,0.19238241627651745,0.17583339122047292,0.22910076818798011,0.040072332715790866,0.18255761409850882,0.18255761409850882
0.2,南京,2018-2020,2021-2022,497,0.16498993963782696,0.2012072434607646,0.23742454728370221,0.24346076458752516,0.15178571428571427,0.8482142857142857,112,0.9191919191919192,0.8080808080808081,99,0.2012072434607646,0.2012072434607646,0.875,200,0.18981947238989494,0.16687426144166587,0.24346076458752516,0.0404843548210794,0.17605633802816903,0.17605633802816903
0.2,吉林,2018-2020,2021-2022,150,0.14,0.2,0.26,0.36,0.45454545454545453,0.5454545454545454,44,0.7407407407407407,0.3333333333333333,27,0.2,0.2,0.55,60,0.14545454545454545,0.06545454545454545,0.36,0.04000000000000001,0.11000000000000001,0.11000000000000001
0.2,呼和浩特,2018-2020,2021-2022,109,0.1559633027522936,0.2018348623853211,0.24770642201834864,0.26605504587155965,0.2857142857142857,0.7142857142857143,28,0.9545454545454546,0.6818181818181818,22,0.2018348623853211,0.2018348623853211,0.7954545454545454,44,0.18140116763969977,0.12957226259978555,0.26605504587155965,0.04073731167410151,0.16055045871559634,0.16055045871559634
0.2,哈尔滨,2018-2020,2021-2022,358,0.09497206703910614,0.2011173184357542,0.30726256983240224,0.37988826815642457,0.5454545454545454,0.4545454545454546,110,0.8070175438596491,0.43859649122807015,57,0.20297951582867785,0.2011173184357542,0.5136986301369864,146,0.13935295323122432,0.07573530066914365,0.37988826815642457,0.04120068384604448,0.10427029922706055,0.103313690977271
0.2,唐山,2018-2020,2021-2022,75,0.14666666666666667,0.2,0.25333333333333335,0.3466666666666667,0.36363636363636365,0.6363636363636364,22,0.7857142857142857,0.35714285714285715,14,0.2,0.2,0.6333333333333333,30,0.17333333333333334,0.0787878787878788,0.3466666666666667,0.04000000000000001,0.12666666666666668,0.12666666666666668
0.2,大连,2018-2020,2021-2022,1318,0.17071320182094082,0.20030349013657056,0.2298937784522003,0.2298937784522003,0.10877192982456141,0.8912280701754386,285,0.9571984435797666,0.9027237354085603,257,0.20030349013657056,0.20030349013657056,0.9204545454545454,528,0.19611827227534007,0.1849570697881256,0.2298937784522003,0.04012148816089122,0.18437025796661607,0.18437025796661607
0.2,天津,2018-2020,2021-2022,2635,0.17229601518026566,0.2,0.22770398481973433,0.2318785578747628,0.14408233276157806,0.8559176672384219,583,0.9577735124760077,0.8618042226487524,521,0.2,0.2,0.8994307400379506,1054,0.19008830751449024,0.1710413829138399,0.2318785578747628,0.04000000000000001,0.17988614800759015,0.17988614800759015
0.2,太原,2018-2020,2021-2022,92,0.13043478260869565,0.20652173913043478,0.2826086956521739,0.32608695652173914,0.4666666666666667,0.5333333333333333,30,1.0,0.42105263157894735,19,0.20652173913043478,0.20652173913043478,0.631578947368421,38,0.17391304347826086,0.07322654462242563,0.32608695652173914,0.042651228733459355,0.13043478260869565,0.13043478260869565
0.2,常州,2018-2020,2021-2022,69,0.13043478260869565,0.2028985507246377,0.2753623188405797,0.2753623188405797,0.1875,0.8125,16,0.8461538461538461,0.7692307692307693,13,0.2028985507246377,0.2028985507246377,0.8214285714285714,28,0.18931159420289853,0.17210144927536233,0.2753623188405797,0.041167821886158376,0.16666666666666666,0.16666666666666666
0.2,廊坊,2018-2020,2021-2022,226,0.168141592920354,0.20353982300884957,0.23893805309734514,0.2920353982300885,0.288135593220339,0.711864406779661,59,0.8125,0.5,48,0.20353982300884957,0.20353982300884957,0.717391304347826,92,0.16891030448477576,0.10394480275986201,0.2920353982300885,0.041428459550473806,0.14601769911504425,0.14601769911504425
0.2,张家口,2018-2020,2021-2022,27,0.18518518518518517,0.2222222222222222,0.25925925925925924,0.4444444444444444,0.6666666666666666,0.33333333333333337,12,1.0,0.0,6,0.2222222222222222,0.2222222222222222,0.3333333333333333,12,0.14814814814814817,0.0,0.4444444444444444,0.04938271604938271,0.07407407407407407,0.07407407407407407
0.2,徐州,2018-2020,2021-2022,317,0.1167192429022082,0.20189274447949526,0.2870662460567823,0.3280757097791798,0.4,0.6,90,0.8333333333333334,0.4666666666666667,60,0.20189274447949526,0.20189274447949526,0.640625,128,0.1640378548895899,0.09186119873817035,0.3280757097791798,0.04076068027346277,0.12933753943217666,0.12933753943217666
0.2,无锡,2018-2020,2021-2022,312,0.125,0.20192307692307693,0.27884615384615385,0.2916666666666667,0.3493975903614458,0.6506024096385542,83,0.8870967741935484,0.5967741935483871,62,0.202991452991453,0.20192307692307693,0.7165354330708661,127,0.16833462883793238,0.11324329576369997,0.2916666666666667,0.04120552998758127,0.14545056867891512,0.14468503937007873
0.2,沈阳,2018-2020,2021-2022,652,0.15030674846625766,0.200920245398773,0.25153374233128833,0.2607361963190184,0.2389937106918239,0.7610062893081762,159,0.9230769230769231,0.7230769230769231,130,0.20143149284253578,0.200920245398773,0.8174904942965779,263,0.18315866330682862,0.14347428625701572,0.2607361963190184,0.04057464630877254,0.16466833065074218,0.16425039072523268
0.2,石家庄,2018-2020,2021-2022,524,0.1450381679389313,0.20038167938931298,0.25572519083969464,0.29389312977099236,0.35507246376811596,0.644927536231884,138,0.9175257731958762,0.6597938144329897,97,0.20038167938931298,0.20038167938931298,0.7285714285714285,210,0.17390762594621473,0.1250571692197499,0.29389312977099236,0.040152817434881416,0.14599236641221375,0.14599236641221375
0.2,长春,2018-2020,2021-2022,442,0.12217194570135746,0.20135746606334842,0.28054298642533937,0.3076923076923077,0.375,0.625,120,0.8795180722891566,0.5783132530120482,83,0.20135746606334842,0.20135746606334842,0.6910112359550562,178,0.1691380908248378,0.11121408711770157,0.3076923076923077,0.04054482913945251,0.13914027149321267,0.13914027149321267
0.25,上海,2018-2020,2021-2022,3292,0.22964763061968407,0.25,0.2703523693803159,0.281591737545565,0.11409395973154363,0.8859060402684564,894,0.9634146341463414,0.8804878048780488,820,0.25,0.25,0.9198055893074119,1646,0.24033709601613618,0.21964985230841813,0.281591737545565,0.0625,0.22995139732685296,0.22995139732685296
0.25,丹东,2018-2020,2021-2022,57,0.12280701754385964,0.2631578947368421,0.40350877192982454,0.40350877192982454,0.35,0.65,20,0.8,0.4666666666666667,15,0.2631578947368421,0.2631578947368421,0.6666666666666666,30,0.20982456140350877,0.12239766081871345,0.40350877192982454,0.06925207756232686,0.17543859649122806,0.17543859649122806
0.25,保定,2018-2020,2021-2022,30,0.16666666666666666,0.26666666666666666,0.36666666666666664,0.43333333333333335,0.3,0.7,10,0.625,0.375,8,0.26666666666666666,0.26666666666666666,0.625,16,0.18958333333333333,0.11375,0.43333333333333335,0.07111111111111111,0.16666666666666666,0.16666666666666666
0.25,北京,2018-2020,2021-2022,4426,0.23090826931766834,0.2501129688206055,0.2693176683235427,0.27699954812471755,0.09335576114381834,0.9066442388561816,1189,0.9622302158273381,0.8839928057553957,1112,0.2501129688206055,0.2501129688206055,0.9308943089430894,2214,0.24165453919618132,0.2220059925512582,0.27699954812471755,0.06255649717225718,0.23282873926796205,0.23282873926796205
0.25,南京,2018-2020,2021-2022,497,0.20321931589537223,0.2515090543259557,0.29979879275653926,0.2977867203219316,0.1366906474820144,0.8633093525179856,139,0.9508196721311475,0.860655737704918,122,0.2515090543259557,0.2515090543259557,0.9,250,0.24443868067468377,0.22125915061070514,0.2977867203219316,0.06325680440793655,0.22635814889336014,0.22635814889336014
0.25,吉林,2018-2020,2021-2022,150,0.16666666666666666,0.25333333333333335,0.34,0.41333333333333333,0.37037037037037035,0.6296296296296297,54,0.7692307692307693,0.3333333333333333,39,0.25333333333333335,0.25333333333333335,0.618421052631579,76,0.2001899335232669,0.08674897119341564,0.41333333333333333,0.06417777777777779,0.15666666666666668,0.15666666666666668
0.25,呼和浩特,2018-2020,2021-2022,109,0.2018348623853211,0.25688073394495414,0.3119266055045872,0.3394495412844037,0.23529411764705882,0.7647058823529411,34,0.9615384615384616,0.8076923076923077,26,0.25688073394495414,0.25688073394495414,0.8392857142857143,56,0.24959525094441445,0.20966001079330815,0.3394495412844037,0.06598771147209831,0.21559633027522937,0.21559633027522937
0.25,哈尔滨,2018-2020,2021-2022,358,0.12290502793296089,0.25139664804469275,0.37988826815642457,0.441340782122905,0.46825396825396826,0.5317460317460317,126,0.7945205479452054,0.5342465753424658,73,0.25139664804469275,0.25139664804469275,0.5888888888888889,180,0.18645904319739168,0.12537763249479789,0.441340782122905,0.06320027464810712,0.14804469273743018,0.14804469273743018
0.25,唐山,2018-2020,2021-2022,75,0.2,0.25333333333333335,0.30666666666666664,0.38666666666666666,0.37037037037037035,0.6296296296296297,27,0.85,0.4,20,0.25333333333333335,0.25333333333333335,0.6578947368421053,38,0.20693827160493827,0.09738271604938273,0.38666666666666666,0.06417777777777779,0.16666666666666669,0.16666666666666669
0.25,大连,2018-2020,2021-2022,1318,0.21396054628224584,0.2503793626707132,0.2867981790591806,0.2959028831562974,0.15217391304347827,0.8478260869565217,368,0.9625,0.875,320,0.2503793626707132,0.2503793626707132,0.896969696969697,660,0.24146640166259814,0.21951491060236195,0.2959028831562974,0.06268982525139254,0.22458270106221548,0.22458270106221548
0.25,天津,2018-2020,2021-2022,2635,0.21783681214421252,0.2500948766603416,0.2823529411764706,0.28994307400379504,0.14246196403872752,0.8575380359612725,723,0.958139534883721,0.8806201550387597,645,0.2500948766603416,0.2500948766603416,0.9013657056145675,1318,0.23822914478924834,0.21895494213639652,0.28994307400379504,0.06254744733175147,0.22542694497153704,0.22542694497153704
0.25,太原,2018-2020,2021-2022,92,0.15217391304347827,0.25,0.34782608695652173,0.358695652173913,0.3225806451612903,0.6774193548387097,31,0.9130434782608695,0.5652173913043478,23,0.25,0.25,0.7391304347826086,46,0.2218580401243978,0.1373406915055796,0.358695652173913,0.0625,0.18478260869565216,0.18478260869565216
0.25,常州,2018-2020,2021-2022,69,0.2028985507246377,0.2608695652173913,0.3188405797101449,0.36231884057971014,0.15,0.85,20,0.7647058823529411,0.7058823529411765,17,0.2608695652173913,0.2608695652173913,0.8055555555555556,36,0.23550724637681156,0.21739130434782608,0.36231884057971014,0.06805293005671077,0.21014492753623187,0.21014492753623187
0.25,廊坊,2018-2020,2021-2022,226,0.22566371681415928,0.252212389380531,0.27876106194690264,0.3584070796460177,0.3013698630136986,0.6986301369863014,73,0.8596491228070176,0.5789473684210527,57,0.252212389380531,0.252212389380531,0.7368421052631579,114,0.21525097140961266,0.14496493992892281,0.3584070796460177,0.06361108935703658,0.18584070796460175,0.18584070796460175
0.25,张家口,2018-2020,2021-2022,27,0.25925925925925924,0.25925925925925924,0.25925925925925924,0.48148148148148145,0.5384615384615384,0.46153846153846156,13,0.875,0.0,8,0.25925925925925924,0.25925925925925924,0.42857142857142855,14,0.19444444444444442,0.0,0.48148148148148145,0.0672153635116598,0.1111111111111111,0.1111111111111111
0.25,徐州,2018-2020,2021-2022,317,0.1608832807570978,0.25236593059936907,0.3438485804416404,0.38170347003154576,0.3611111111111111,0.6388888888888888,108,0.8375,0.4875,80,0.25236593059936907,0.25236593059936907,0.675,160,0.20423786365229585,0.11888472660357519,0.38170347003154576,0.06368856292728557,0.17034700315457413,0.17034700315457413
0.25,无锡,2018-2020,2021-2022,312,0.1794871794871795,0.25,0.32051282051282054,0.34615384615384615,0.30303030303030304,0.696969696969697,99,0.9078947368421053,0.6578947368421053,76,0.25,0.25,0.7628205128205128,156,0.2190375414059625,0.15872285609127718,0.34615384615384615,0.0625,0.1907051282051282,0.1907051282051282
0.25,沈阳,2018-2020,2021-2022,652,0.19171779141104295,0.25,0.30828220858895705,0.3128834355828221,0.2,0.8,190,0.9197530864197531,0.7592592592592593,162,0.25,0.25,0.843558282208589,326,0.23022040445353334,0.19004771642808457,0.3128834355828221,0.0625,0.21088957055214724,0.21088957055214724
0.25,石家庄,2018-2020,2021-2022,524,0.18893129770992367,0.25,0.3110687022900763,0.3606870229007634,0.30538922155688625,0.6946107784431137,167,0.8861788617886179,0.6585365853658537,123,0.25,0.25,0.7519083969465649,262,0.2220206765764691,0.1649878422265504,0.3606870229007634,0.0625,0.18797709923664122,0.18797709923664122
0.25,长春,2018-2020,2021-2022,442,0.167420814479638,0.251131221719457,0.334841628959276,0.3574660633484163,0.2826086956521739,0.7173913043478262,138,0.8272727272727273,0.5909090909090909,110,0.251131221719457,0.251131221719457,0.7387387387387387,222,0.21214833759590795,0.15153452685421998,0.3574660633484163,0.06306689052230707,0.18552036199095023,0.18552036199095023
0.3,上海,2018-2020,2021-2022,3292,0.27916160388821387,0.3001215066828676,0.3210814094775213,0.33232077764277035,0.0872865275142315,0.9127134724857685,1054,0.9683350357507661,0.9101123595505618,979,0.3001215066828676,0.3001215066828676,0.937753036437247,1976,0.2937092350281365,0.27604950254226757,0.33232077764277035,0.09007291877359452,0.2814398541919806,0.2814398541919806
0.3,丹东,2018-2020,2021-2022,57,0.17543859649122806,0.2982456140350877,0.42105263157894735,0.43859649122807015,0.391304347826087,0.6086956521739131,23,0.8333333333333334,0.4444444444444444,18,0.2982456140350877,0.2982456140350877,0.6470588235294118,34,0.22247648105771678,0.11865412323078228,0.43859649122807015,0.0889504462911665,0.19298245614035087,0.19298245614035087
0.3,保定,2018-2020,2021-2022,30,0.2,0.3,0.4,0.43333333333333335,0.2,0.8,10,0.75,0.75,8,0.3,0.3,0.7777777777777778,18,0.26,0.26,0.43333333333333335,0.09,0.23333333333333334,0.23333333333333334
0.3,北京,2018-2020,2021-2022,4426,0.28038861274288296,0.3000451875282422,0.3197017623136014,0.3300948938093086,0.09167842031029619,0.9083215796897038,1418,0.969811320754717,0.9041509433962264,1325,0.3000451875282422,0.3000451875282422,0.9359939759036144,2656,0.2907807737956253,0.27109367082269187,0.3300948938093086,0.09002711455885803,0.28084048802530504,0.28084048802530504
0.3,南京,2018-2020,2021-2022,497,0.2454728370221328,0.29979879275653926,0.35412474849094566,0.358148893360161,0.16470588235294117,0.8352941176470589,170,0.9527027027027027,0.8175675675675675,148,0.29979879275653926,0.29979879275653926,0.8825503355704698,298,0.28501022030433804,0.2445832387008858,0.358148893360161,0.08987931613827838,0.26458752515090544,0.26458752515090544
0.3,吉林,2018-2020,2021-2022,150,0.22,0.3,0.38,0.4533333333333333,0.3,0.7,60,0.8043478260869565,0.45652173913043476,46,0.3,0.3,0.7,90,0.2552463768115942,0.14486956521739128,0.4533333333333333,0.09,0.21,0.21
0.3,呼和浩特,2018-2020,2021-2022,109,0.26605504587155965,0.30275229357798167,0.3394495412844037,0.4036697247706422,0.225,0.775,40,0.8787878787878788,0.6666666666666666,33,0.30275229357798167,0.30275229357798167,0.803030303030303,66,0.27492354740061165,0.2085626911314985,0.4036697247706422,0.0916589512667284,0.24311926605504586,0.24311926605504586
0.3,哈尔滨,2018-2020,2021-2022,358,0.16201117318435754,0.3016759776536313,0.441340782122905,0.5139664804469274,0.45454545454545453,0.5454545454545454,154,0.8125,0.4583333333333333,96,0.3016759776536313,0.3016759776536313,0.5925925925925926,216,0.22778059928897917,0.12849162011173185,0.5139664804469274,0.09100839549327425,0.1787709497206704,0.1787709497206704
0.3,唐山,2018-2020,2021-2022,75,0.25333333333333335,0.30666666666666664,0.36,0.44,0.3225806451612903,0.6774193548387097,31,0.9130434782608695,0.5652173913043478,23,0.30666666666666664,0.30666666666666664,0.7391304347826086,46,0.27214586255259465,0.1684712482468443,0.44,0.09404444444444443,0.22666666666666663,0.22666666666666663
0.3,大连,2018-2020,2021-2022,1318,0.255690440060698,0.30045523520485584,0.34522003034901366,0.3596358118361153,0.16554809843400448,0.8344519015659955,447,0.9559585492227979,0.8497409326424871,386,0.30045523520485584,0.30045523520485584,0.88510101010101,792,0.2868820010993694,0.2550062231994395,0.3596358118361153,0.09027334836200525,0.26593323216995446,0.26593323216995446
0.3,天津,2018-2020,2021-2022,2635,0.2637571157495256,0.3001897533206831,0.3366223908918406,0.35332068311195447,0.15269804822043628,0.8473019517795637,871,0.9444444444444444,0.8630490956072352,774,0.3001897533206831,0.3001897533206831,0.888748419721871,1582,0.2827376763823562,0.25837040741917094,0.35332068311195447,0.09011388799873257,0.2667931688804554,0.2667931688804554
0.3,太原,2018-2020,2021-2022,92,0.20652173913043478,0.30434782608695654,0.40217391304347827,0.43478260869565216,0.32432432432432434,0.6756756756756757,37,0.9259259259259259,0.6296296296296297,27,0.30434782608695654,0.30434782608695654,0.75,56,0.272011141576359,0.1849675762719241,0.43478260869565216,0.09262759924385634,0.2282608695652174,0.2282608695652174
0.3,常州,2018-2020,2021-2022,69,0.21739130434782608,0.30434782608695654,0.391304347826087,0.42028985507246375,0.24,0.76,25,0.85,0.7,20,0.30434782608695654,0.30434782608695654,0.7857142857142857,42,0.27150724637681156,0.22359420289855067,0.42028985507246375,0.09262759924385634,0.2391304347826087,0.2391304347826087
0.3,廊坊,2018-2020,2021-2022,226,0.2610619469026549,0.3008849557522124,0.3407079646017699,0.4026548672566372,0.27906976744186046,0.7209302325581395,86,0.9130434782608695,0.6376811594202898,69,0.3008849557522124,0.3008849557522124,0.7794117647058824,136,0.2650438003883425,0.18510995582677892,0.4026548672566372,0.09053175659801083,0.23451327433628322,0.23451327433628322
0.3,张家口,2018-2020,2021-2022,27,0.25925925925925924,0.2962962962962963,0.3333333333333333,0.5185185185185185,0.5,0.5,14,0.8888888888888888,0.1111111111111111,9,0.2962962962962963,0.2962962962962963,0.5,16,0.23045267489711932,0.028806584362139915,0.5185185185185185,0.0877914951989026,0.14814814814814814,0.14814814814814814
0.3,徐州,2018-2020,2021-2022,317,0.2082018927444795,0.2996845425867508,0.3911671924290221,0.416403785488959,0.2892561983471074,0.7107438016528926,121,0.84,0.53,100,0.2996845425867508,0.2996845425867508,0.7315789473684211,190,0.2486033839977058,0.1568568970461715,0.416403785488959,0.08981082506543006,0.21924290220820192,0.21924290220820192
0.3,无锡,2018-2020,2021-2022,312,0.2403846153846154,0.30128205128205127,0.36217948717948717,0.40384615384615385,0.2672413793103448,0.7327586206896552,116,0.9032258064516129,0.6774193548387096,93,0.30128205128205127,0.30128205128205127,0.7872340425531915,188,0.2672841618892787,0.20046312141695904,0.40384615384615385,0.09077087442472057,0.23717948717948717,0.23717948717948717
0.3,沈阳,2018-2020,2021-2022,652,0.24386503067484663,0.3006134969325153,0.35736196319018404,0.3773006134969325,0.22413793103448276,0.7758620689655172,232,0.9381443298969072,0.7628865979381443,194,0.3006134969325153,0.3006134969325153,0.8367346938775511,392,0.2746260242214608,0.2233222614548143,0.3773006134969325,0.0903684745379954,0.25153374233128833,0.25153374233128833
0.3,石家庄,2018-2020,2021-2022,524,0.22709923664122136,0.29961832061068705,0.37213740458015265,0.42366412213740456,0.31,0.69,200,0.8947368421052632,0.6447368421052632,152,0.30025445292620867,0.3015267175572519,0.7515923566878981,314,0.2615568501406187,0.18847478907191642,0.42366412213740456,0.09015273650201686,0.22566895188084474,0.2266251762532212
0.3,长春,2018-2020,2021-2022,442,0.2081447963800905,0.3009049773755656,0.3936651583710407,0.4072398190045249,0.2125,0.7875,160,0.8308823529411765,0.6102941176470589,136,0.3009049773755656,0.3009049773755656,0.7857142857142857,266,0.26646509848283206,0.19572215198296514,0.4072398190045249,0.09054380540938964,0.23642533936651583,0.23642533936651583
