cutoff_q,origin_year,train_years,holdout_years,城市,n_units,p_holdout_repeat,p_holdout_mean,p_holdout_ever,X_train,lambda_train,non_escape_train,lambda_denominator,delta_active_train,delta_all_train,delta_denominator,train_bottom_share_mean,train_bottom_share_last,p11_train,p11_denominator,pred_pathway_active,pred_pathway_all3,pred_exposure_only,pred_independence,pred_markov_pair,pred_last_state_markov
0.1,2011,2011-2013,2014-2015,北京,2236,0.08407871198568873,0.1001788908765653,0.11627906976744186,0.1440071556350626,0.3263888888888889,0.6736111111111112,288,0.9134615384615384,0.6826923076923077,208,0.1001788908765653,0.1001788908765653,0.75,448,0.08861017222069326,0.06622444450178128,0.1440071556350626,0.010035810177258778,0.07513416815742398,0.07513416815742398
0.1,2012,2012-2014,2015-2016,上海,55,0.07272727272727272,0.10909090909090909,0.14545454545454545,0.23636363636363636,0.7,0.30000000000000004,10,1.0,0.6666666666666666,3,0.10909090909090909,0.10909090909090909,0.4166666666666667,12,0.07090909090909092,0.04727272727272728,0.23636363636363636,0.011900826446280991,0.045454545454545456,0.045454545454545456
0.1,2012,2012-2014,2015-2016,北京,3764,0.06987247608926674,0.10015940488841658,0.13044633368756642,0.13257173219978746,0.2782608695652174,0.7217391304347827,460,0.931129476584022,0.7410468319559229,363,0.10015940488841658,0.10015940488841658,0.7970822281167109,754,0.08909252305983562,0.07090499616300527,0.13257173219978746,0.010031906387601769,0.07983528161530287,0.07983528161530287
0.1,2012,2012-2014,2015-2016,南京,240,0.058333333333333334,0.1,0.14166666666666666,0.2,0.6153846153846154,0.3846153846153846,39,0.7894736842105263,0.2631578947368421,19,0.1,0.1,0.4166666666666667,48,0.06072874493927126,0.020242914979757085,0.2,0.010000000000000002,0.04166666666666667,0.04166666666666667
0.1,2012,2012-2014,2015-2016,天津,23,0.13043478260869565,0.13043478260869565,0.13043478260869565,0.21739130434782608,0.6,0.4,5,1.0,0.3333333333333333,3,0.13043478260869565,0.13043478260869565,0.5,6,0.08695652173913043,0.02898550724637681,0.21739130434782608,0.017013232514177693,0.06521739130434782,0.06521739130434782
0.1,2013,2013-2015,2016-2017,上海,89,0.0449438202247191,0.10112359550561797,0.15730337078651685,0.20224719101123595,0.6,0.4,15,1.0,0.5,6,0.10112359550561797,0.10112359550561797,0.5,18,0.08089887640449439,0.040449438202247195,0.20224719101123595,0.010225981567983839,0.05056179775280899,0.05056179775280899
0.1,2013,2013-2015,2016-2017,北京,4057,0.07616465368498891,0.10007394626571359,0.12398323884643825,0.13063840276066058,0.25357873210633947,0.7464212678936606,489,0.9217171717171717,0.7373737373737373,396,0.10007394626571359,0.10007394626571359,0.8091133004926109,812,0.08987782326221833,0.07190225860977466,0.13063840276066058,0.01001479472119293,0.08097116095637172,0.08097116095637172
0.1,2013,2013-2015,2016-2017,南京,429,0.04428904428904429,0.10023310023310024,0.1561771561771562,0.1888111888111888,0.5522388059701493,0.4477611940298507,67,0.8529411764705882,0.4117647058823529,34,0.10023310023310024,0.10023310023310024,0.5116279069767442,86,0.07210962873825032,0.03481154490812084,0.1888111888111888,0.01004667438233872,0.05128205128205129,0.05128205128205129
0.1,2013,2013-2015,2016-2017,大连,28,0.10714285714285714,0.10714285714285714,0.10714285714285714,0.14285714285714285,0.25,0.75,4,0.75,0.25,4,0.10714285714285714,0.10714285714285714,0.6666666666666666,6,0.08035714285714285,0.026785714285714284,0.14285714285714285,0.011479591836734693,0.07142857142857142,0.07142857142857142
0.1,2013,2013-2015,2016-2017,天津,256,0.0625,0.1015625,0.140625,0.15234375,0.3333333333333333,0.6666666666666667,33,0.9090909090909091,0.7727272727272727,22,0.1015625,0.1015625,0.75,52,0.09232954545454547,0.07848011363636365,0.15234375,0.01031494140625,0.076171875,0.076171875
0.1,2014,2014-2016,2017-2018,上海,206,0.06796116504854369,0.10194174757281553,0.13592233009708737,0.16990291262135923,0.41379310344827586,0.5862068965517242,29,0.75,0.4,20,0.10194174757281553,0.10194174757281553,0.5952380952380952,42,0.07469869434214932,0.03983930364914631,0.16990291262135923,0.010392119898199641,0.06067961165048543,0.06067961165048543
0.1,2014,2014-2016,2017-2018,北京,4285,0.08564760793465577,0.1001166861143524,0.11458576429404901,0.14282380396732788,0.1976284584980237,0.8023715415019763,506,0.76,0.5882352941176471,425,0.1001166861143524,0.1001166861143524,0.7645687645687645,858,0.08709429437185512,0.06741044456025938,0.14282380396732788,0.010023350838519763,0.0765460910151692,0.0765460910151692
0.1,2014,2014-2016,2017-2018,南京,553,0.054249547920433995,0.10126582278481013,0.14828209764918626,0.1844484629294756,0.5121951219512195,0.4878048780487805,82,0.72,0.32,50,0.10126582278481013,0.10126582278481013,0.5,112,0.06478189917523045,0.02879195518899131,0.1844484629294756,0.01025476686428457,0.05063291139240506,0.05063291139240506
0.1,2014,2014-2016,2017-2018,大连,126,0.07936507936507936,0.10317460317460317,0.12698412698412698,0.15079365079365079,0.3888888888888889,0.6111111111111112,18,1.0,0.6666666666666666,12,0.10317460317460317,0.10317460317460317,0.7307692307692307,26,0.09215167548500883,0.06143445032333922,0.15079365079365079,0.010644998740236835,0.07539682539682539,0.07539682539682539
0.1,2014,2014-2016,2017-2018,天津,746,0.06702412868632708,0.10053619302949061,0.13404825737265416,0.15013404825737264,0.3368421052631579,0.6631578947368422,95,0.8285714285714286,0.6142857142857143,70,0.10053619302949061,0.10053619302949061,0.7066666666666667,150,0.08249470862141951,0.0611598701848455,0.15013404825737264,0.010107526108862997,0.0710455764075067,0.0710455764075067
0.1,2014,2014-2016,2017-2018,廊坊,46,0.043478260869565216,0.10869565217391304,0.17391304347826086,0.17391304347826086,0.16666666666666666,0.8333333333333334,6,0.5,0.16666666666666666,6,0.10869565217391304,0.10869565217391304,0.6,10,0.07246376811594203,0.024154589371980676,0.17391304347826086,0.011814744801512287,0.06521739130434782,0.06521739130434782
0.1,2015,2015-2017,2018-2019,上海,687,0.08151382823871907,0.10043668122270742,0.11935953420669577,0.16593886462882096,0.4536082474226804,0.5463917525773196,97,0.8524590163934426,0.5245901639344263,61,0.10043668122270742,0.10043668122270742,0.6159420289855072,138,0.07729043618675521,0.04756334534569552,0.16593886462882096,0.01008752693503175,0.061863173216885003,0.061863173216885003
0.1,2015,2015-2017,2018-2019,北京,4865,0.08776978417266187,0.1001027749229188,0.11243576567317574,0.13484069886947586,0.2928452579034942,0.7071547420965059,601,0.9310344827586207,0.7349137931034483,464,0.1001027749229188,0.1001027749229188,0.7864476386036962,974,0.08877715414121495,0.07007641102350533,0.13484069886947586,0.010020565547268542,0.07872559095580678,0.07872559095580678
0.1,2015,2015-2017,2018-2019,南京,1003,0.08574277168494517,0.10069790628115653,0.1156530408773679,0.16550348953140578,0.49640287769784175,0.5035971223021583,139,0.8505747126436781,0.5747126436781609,87,0.10069790628115653,0.10069790628115653,0.594059405940594,202,0.07089291952143238,0.047900621298265125,0.16550348953140578,0.010140068329408584,0.05982053838484546,0.05982053838484546
0.1,2015,2015-2017,2018-2019,大连,766,0.09138381201044386,0.10052219321148825,0.10966057441253264,0.13185378590078328,0.23655913978494625,0.7634408602150538,93,0.9078947368421053,0.7105263157894737,76,0.10052219321148825,0.10052219321148825,0.8116883116883117,154,0.09139101543971949,0.07152340338760656,0.13185378590078328,0.010104711328047775,0.08159268929503917,0.08159268929503917
0.1,2015,2015-2017,2018-2019,天津,1359,0.08314937454010302,0.10007358351729213,0.11699779249448124,0.15011037527593818,0.37777777777777777,0.6222222222222222,180,0.896,0.632,125,0.10007358351729213,0.10007358351729213,0.7022058823529411,272,0.08368820210939416,0.05903007113073338,0.15011037527593818,0.010014722117992444,0.07027225901398086,0.07027225901398086
0.1,2015,2015-2017,2018-2019,廊坊,64,0.078125,0.109375,0.140625,0.203125,0.5,0.5,10,0.6666666666666666,0.3333333333333333,6,0.109375,0.109375,0.5,14,0.06770833333333333,0.033854166666666664,0.203125,0.011962890625,0.0546875,0.0546875
0.1,2016,2016-2018,2019-2020,上海,838,0.09069212410501193,0.10023866348448687,0.10978520286396182,0.1575178997613365,0.43089430894308944,0.5691056910569106,123,0.9868421052631579,0.5789473684210527,76,0.10023866348448687,0.10023866348448687,0.6785714285714286,168,0.08846480249754136,0.051899350798557606,0.1575178997613365,0.010047789657156202,0.06801909307875895,0.06801909307875895
0.1,2016,2016-2018,2019-2020,北京,4914,0.08791208791208792,0.10012210012210013,0.11233211233211234,0.1288156288156288,0.2558139534883721,0.7441860465116279,602,0.944672131147541,0.7274590163934426,488,0.10012210012210013,0.10012210012210013,0.8160569105691057,984,0.0905589094685549,0.069736253495308,0.1288156288156288,0.010024434932859842,0.0817053317053317,0.0817053317053317
0.1,2016,2016-2018,2019-2020,南京,1278,0.08763693270735524,0.10015649452269171,0.11267605633802817,0.1643192488262911,0.4497354497354497,0.5502645502645502,189,0.9304347826086956,0.5130434782608696,115,0.10015649452269171,0.10015649452269171,0.63671875,256,0.0841290361600629,0.046388907789193565,0.1643192488262911,0.010031323395073974,0.06377151799687011,0.06377151799687011
0.1,2016,2016-2018,2019-2020,大连,1320,0.08863636363636364,0.1,0.11136363636363636,0.1318181818181818,0.21656050955414013,0.7834394904458599,157,0.8455882352941176,0.6323529411764706,136,0.1,0.1,0.7916666666666666,264,0.08732522395176946,0.06530408052045368,0.1318181818181818,0.010000000000000002,0.07916666666666666,0.07916666666666666
0.1,2016,2016-2018,2019-2020,天津,1943,0.08183221821924859,0.10036026762738035,0.1188883170355121,0.1451363870303654,0.34765625,0.65234375,256,0.8894736842105263,0.5947368421052631,190,0.10036026762738035,0.10036026762738035,0.717948717948718,390,0.08421431437413658,0.05630897943359428,0.1451363870303654,0.010072183318239407,0.07205352547606794,0.07205352547606794
0.1,2016,2016-2018,2019-2020,廊坊,71,0.07042253521126761,0.11267605633802817,0.15492957746478872,0.18309859154929578,0.6153846153846154,0.3846153846153846,13,1.0,0.375,8,0.11267605633802817,0.11267605633802817,0.5,16,0.0704225352112676,0.026408450704225348,0.18309859154929578,0.012695893671890498,0.056338028169014086,0.056338028169014086
0.1,2016,2016-2018,2019-2020,沈阳,145,0.08275862068965517,0.10344827586206896,0.12413793103448276,0.1793103448275862,0.45454545454545453,0.5454545454545454,22,0.9166666666666666,0.5833333333333334,12,0.10344827586206896,0.10344827586206896,0.6333333333333333,30,0.08965517241379309,0.057053291536050155,0.1793103448275862,0.01070154577883472,0.06551724137931034,0.06551724137931034
0.1,2017,2017-2019,2020-2021,上海,2945,0.08930390492359933,0.100169779286927,0.11103565365025467,0.12427843803056027,0.187683284457478,0.8123167155425219,341,0.9278350515463918,0.7835051546391752,291,0.100169779286927,0.100169779286927,0.8559322033898306,590,0.09366815189109857,0.07909755048581657,0.12427843803056027,0.010033984682391668,0.08573853989813243,0.08573853989813243
0.1,2017,2017-2019,2020-2021,北京,4522,0.08690844758956214,0.10017691287041132,0.1134453781512605,0.12361786819991154,0.1786407766990291,0.8213592233009709,515,0.9253393665158371,0.8099547511312217,442,0.10017691287041132,0.10017691287041132,0.8620309050772627,906,0.09395403296429336,0.08223849340150861,0.12361786819991154,0.01003541387224598,0.08635559486952675,0.08635559486952675
0.1,2017,2017-2019,2020-2021,南京,1327,0.08063300678221552,0.10022607385079126,0.11981914091936699,0.14318010550113036,0.2874251497005988,0.7125748502994012,167,0.8943089430894309,0.6991869918699187,123,0.10022607385079126,0.10022607385079126,0.7706766917293233,266,0.09124324916069307,0.0713356311619964,0.14318010550113036,0.010045265879544263,0.07724189902034664,0.07724189902034664
0.1,2017,2017-2019,2020-2021,大连,1420,0.08028169014084507,0.1,0.11971830985915492,0.13028169014084506,0.2471264367816092,0.7528735632183908,174,0.9097222222222222,0.6736111111111112,144,0.1,0.1,0.8028169014084507,284,0.08923068664220316,0.06607157713201303,0.13028169014084506,0.010000000000000002,0.08028169014084507,0.08028169014084507
0.1,2017,2017-2019,2020-2021,天津,2077,0.08136735676456427,0.10014443909484834,0.1189215214251324,0.13818006740491093,0.29844961240310075,0.7015503875968992,258,0.9226804123711341,0.7371134020618557,194,0.10014443909484834,0.10014443909484834,0.7788461538461539,416,0.08944489738375509,0.07145597947417306,0.13818006740491093,0.010028908681621788,0.07799711121810303,0.07799711121810303
0.1,2017,2017-2019,2020-2021,廊坊,83,0.07228915662650602,0.10843373493975904,0.14457831325301204,0.1927710843373494,0.5714285714285714,0.4285714285714286,14,1.0,0.5714285714285714,7,0.10843373493975904,0.10843373493975904,0.5555555555555556,18,0.08261617900172118,0.04720924514384067,0.1927710843373494,0.01175787487298592,0.06024096385542169,0.06024096385542169
0.1,2017,2017-2019,2020-2021,无锡,52,0.09615384615384616,0.11538461538461539,0.1346153846153846,0.21153846153846154,0.4444444444444444,0.5555555555555556,9,0.6666666666666666,0.16666666666666666,6,0.11538461538461539,0.11538461538461539,0.5,12,0.07834757834757834,0.019586894586894586,0.21153846153846154,0.013313609467455623,0.057692307692307696,0.057692307692307696
0.1,2017,2017-2019,2020-2021,沈阳,333,0.06606606606606606,0.1021021021021021,0.13813813813813813,0.16216216216216217,0.375,0.625,48,0.875,0.5,32,0.1021021021021021,0.1021021021021021,0.6764705882352942,68,0.08868243243243244,0.05067567567567568,0.16216216216216217,0.010424839253668083,0.06906906906906908,0.06906906906906908
0.1,2017,2017-2019,2020-2021,石家庄,151,0.07947019867549669,0.10596026490066225,0.13245033112582782,0.18543046357615894,0.45454545454545453,0.5454545454545454,22,0.7692307692307693,0.5384615384615384,13,0.10596026490066225,0.10596026490066225,0.59375,32,0.07780299171027648,0.05446209419719353,0.18543046357615894,0.011227577737818517,0.06291390728476821,0.06291390728476821
0.1,2018,2018-2020,2021-2022,上海,3292,0.0911300121506683,0.10024301336573511,0.10935601458080195,0.11786148238153099,0.14594594594594595,0.854054054054054,370,0.9541284403669725,0.8409785932721713,327,0.10024301336573511,0.10024301336573511,0.8954545454545455,660,0.09604264212711715,0.08465296982358082,0.11786148238153099,0.010048661728642948,0.08976306196840826,0.08976306196840826
0.1,2018,2018-2020,2021-2022,丹东,57,0.017543859649122806,0.10526315789473684,0.19298245614035087,0.24561403508771928,0.7,0.30000000000000004,10,0.6666666666666666,0.3333333333333333,3,0.10526315789473684,0.10526315789473684,0.3333333333333333,12,0.04912280701754386,0.02456140350877193,0.24561403508771928,0.011080332409972297,0.03508771929824561,0.03508771929824561
0.1,2018,2018-2020,2021-2022,保定,30,0.0,0.1,0.2,0.16666666666666666,0.5,0.5,4,1.0,1.0,2,0.1,0.1,0.6666666666666666,6,0.08333333333333333,0.08333333333333333,0.16666666666666666,0.010000000000000002,0.06666666666666667,0.06666666666666667
0.1,2018,2018-2020,2021-2022,北京,4426,0.08653411658382286,0.10009037505648441,0.11364663352914596,0.12178038861274289,0.18503937007874016,0.8149606299212598,508,0.9471264367816092,0.8160919540229885,435,0.10009037505648441,0.10009037505648441,0.8679458239277652,886,0.0939987208113781,0.08099404341757092,0.12178038861274289,0.010018083178947717,0.0868730230456394,0.0868730230456394
0.1,2018,2018-2020,2021-2022,南京,497,0.08249496981891348,0.1006036217303823,0.11871227364185111,0.13279678068410464,0.22807017543859648,0.7719298245614035,57,0.8913043478260869,0.8260869565217391,46,0.1006036217303823,0.1006036217303823,0.82,100,0.09136742652712614,0.08468200507392179,0.13279678068410464,0.01012108870526985,0.08249496981891348,0.08249496981891348
0.1,2018,2018-2020,2021-2022,吉林,150,0.04,0.1,0.16,0.21333333333333335,0.6086956521739131,0.3913043478260869,23,0.6,0.3,10,0.1,0.1,0.4,30,0.050086956521739126,0.025043478260869563,0.21333333333333335,0.010000000000000002,0.04000000000000001,0.04000000000000001
0.1,2018,2018-2020,2021-2022,呼和浩特,109,0.08256880733944955,0.10091743119266056,0.11926605504587157,0.11926605504587157,0.23076923076923078,0.7692307692307692,13,1.0,0.8181818181818182,11,0.10091743119266056,0.10091743119266056,0.8636363636363636,22,0.09174311926605504,0.0750625521267723,0.11926605504587157,0.010184327918525377,0.0871559633027523,0.0871559633027523
0.1,2018,2018-2020,2021-2022,哈尔滨,358,0.030726256983240222,0.1005586592178771,0.17039106145251395,0.20670391061452514,0.6440677966101694,0.35593220338983056,59,0.875,0.4166666666666667,24,0.1005586592178771,0.1005586592178771,0.4305555555555556,72,0.0643760060600322,0.030655240980967717,0.20670391061452514,0.010112043943697139,0.04329608938547486,0.04329608938547486
0.1,2018,2018-2020,2021-2022,唐山,75,0.05333333333333334,0.10666666666666667,0.16,0.21333333333333335,0.5,0.5,12,0.6666666666666666,0.3333333333333333,6,0.10666666666666667,0.10666666666666667,0.5,16,0.07111111111111111,0.035555555555555556,0.21333333333333335,0.01137777777777778,0.05333333333333334,0.05333333333333334
0.1,2018,2018-2020,2021-2022,大连,1318,0.07738998482549317,0.10015174506828528,0.12291350531107739,0.1267071320182094,0.19480519480519481,0.8051948051948052,154,0.9153846153846154,0.7615384615384615,130,0.10015174506828528,0.10015174506828528,0.8446969696969697,264,0.09339113087216273,0.07769514249028665,0.1267071320182094,0.010030372040222805,0.08459787556904401,0.08459787556904401
0.1,2018,2018-2020,2021-2022,天津,2635,0.08311195445920304,0.10018975332068311,0.11726755218216318,0.12144212523719165,0.174496644295302,0.825503355704698,298,0.9453125,0.84375,256,0.10018975332068311,0.10018975332068311,0.875,528,0.09476841180291125,0.08458668160921004,0.12144212523719165,0.010037986670459333,0.08766603415559772,0.08766603415559772
0.1,2018,2018-2020,2021-2022,太原,92,0.08695652173913043,0.10869565217391304,0.13043478260869565,0.20652173913043478,0.5294117647058824,0.47058823529411764,17,1.0,0.375,8,0.10869565217391304,0.10869565217391304,0.55,20,0.09718670076726342,0.03644501278772378,0.20652173913043478,0.011814744801512287,0.059782608695652176,0.059782608695652176
0.1,2018,2018-2020,2021-2022,常州,69,0.057971014492753624,0.10144927536231885,0.14492753623188406,0.18840579710144928,0.5,0.5,10,0.6666666666666666,0.3333333333333333,6,0.10144927536231885,0.10144927536231885,0.5,14,0.06280193236714976,0.03140096618357488,0.18840579710144928,0.010291955471539594,0.050724637681159424,0.050724637681159424
0.1,2018,2018-2020,2021-2022,廊坊,226,0.06637168141592921,0.10176991150442478,0.13716814159292035,0.15486725663716813,0.3333333333333333,0.6666666666666667,30,0.75,0.4166666666666667,24,0.10176991150442478,0.10176991150442478,0.6521739130434783,46,0.07743362831858407,0.04301868239921337,0.15486725663716813,0.010357114887618452,0.06637168141592921,0.06637168141592921
0.1,2018,2018-2020,2021-2022,张家口,27,0.037037037037037035,0.1111111111111111,0.18518518518518517,0.25925925925925924,0.6666666666666666,0.33333333333333337,6,1.0,0.0,2,0.1111111111111111,0.1111111111111111,0.3333333333333333,6,0.08641975308641976,0.0,0.25925925925925924,0.012345679012345678,0.037037037037037035,0.037037037037037035
0.1,2018,2018-2020,2021-2022,徐州,317,0.0473186119873817,0.10094637223974763,0.15457413249211358,0.1892744479495268,0.54,0.45999999999999996,50,0.88,0.44,25,0.10094637223974763,0.10094637223974763,0.53125,64,0.07661829652996845,0.03830914826498422,0.1892744479495268,0.010190170068365692,0.05362776025236593,0.05362776025236593
0.1,2018,2018-2020,2021-2022,无锡,312,0.057692307692307696,0.10256410256410256,0.14743589743589744,0.15705128205128205,0.4222222222222222,0.5777777777777777,45,1.0,0.6785714285714286,28,0.10256410256410256,0.10256410256410256,0.703125,64,0.09074074074074073,0.06157407407407407,0.15705128205128205,0.010519395134779749,0.07211538461538461,0.07211538461538461
0.1,2018,2018-2020,2021-2022,沈阳,652,0.06134969325153374,0.10122699386503067,0.1411042944785276,0.15337423312883436,0.37777777777777777,0.6222222222222222,90,0.8888888888888888,0.5555555555555556,63,0.10122699386503067,0.10122699386503067,0.6893939393939394,132,0.0848292054836022,0.05301825342725139,0.15337423312883436,0.010246904286950957,0.06978527607361963,0.06978527607361963
0.1,2018,2018-2020,2021-2022,石家庄,524,0.08396946564885496,0.10114503816793893,0.1183206106870229,0.13740458015267176,0.2857142857142857,0.7142857142857143,63,0.9565217391304348,0.8913043478260869,46,0.10114503816793893,0.10114503816793893,0.8113207547169812,106,0.09387890569437202,0.08747807121521028,0.13740458015267176,0.010230318745993824,0.08206106870229009,0.08206106870229009
0.1,2018,2018-2020,2021-2022,长春,442,0.04751131221719457,0.10180995475113122,0.15610859728506787,0.18778280542986425,0.5,0.5,66,0.717948717948718,0.3333333333333333,39,0.10180995475113122,0.10180995475113122,0.5111111111111111,90,0.06740921220559229,0.03129713423831071,0.18778280542986425,0.010365266886427386,0.05203619909502262,0.05203619909502262
0.2,2011,2011-2013,2014-2015,北京,2236,0.18336314847942756,0.2003577817531306,0.21735241502683364,0.23881932021466906,0.15717092337917485,0.8428290766208252,509,0.950561797752809,0.8202247191011236,445,0.2003577817531306,0.2003577817531306,0.8861607142857143,896,0.19133275460318913,0.16509800338100244,0.23881932021466906,0.04014324070903511,0.17754919499105545,0.17754919499105545
0.2,2012,2012-2014,2015-2016,上海,55,0.12727272727272726,0.2,0.2727272727272727,0.34545454545454546,0.5,0.5,16,0.7272727272727273,0.2727272727272727,11,0.2,0.2,0.5,22,0.1256198347107438,0.047107438016528926,0.34545454545454546,0.04000000000000001,0.1,0.1
0.2,2012,2012-2014,2015-2016,北京,3764,0.1594048884165781,0.20018597236981933,0.24096705632306056,0.2314027630180659,0.1519903498190591,0.8480096501809409,829,0.9595141700404858,0.873144399460189,741,0.20005313496280552,0.20005313496280552,0.896414342629482,1506,0.18828716979729235,0.1713386763134292,0.2314027630180659,0.04002125680844648,0.17933049946865037,0.17933049946865037
0.2,2012,2012-2014,2015-2016,南京,240,0.14166666666666666,0.2,0.25833333333333336,0.30833333333333335,0.4153846153846154,0.5846153846153845,65,0.8478260869565217,0.5217391304347826,46,0.2,0.2,0.6458333333333334,96,0.15282608695652172,0.0940468227424749,0.30833333333333335,0.04000000000000001,0.12916666666666668,0.12916666666666668
0.2,2012,2012-2014,2015-2016,天津,23,0.13043478260869565,0.21739130434782608,0.30434782608695654,0.30434782608695654,0.42857142857142855,0.5714285714285714,7,1.0,0.6,5,0.21739130434782608,0.21739130434782608,0.7,10,0.17391304347826086,0.10434782608695652,0.30434782608695654,0.04725897920604915,0.15217391304347824,0.15217391304347824
0.2,2013,2013-2015,2016-2017,上海,89,0.1348314606741573,0.20224719101123595,0.2696629213483146,0.3595505617977528,0.48148148148148145,0.5185185185185186,27,0.8666666666666667,0.4666666666666667,15,0.20224719101123595,0.20224719101123595,0.5833333333333334,36,0.16157580801775562,0.08700235816340686,0.3595505617977528,0.040903926271935356,0.11797752808988765,0.11797752808988765
0.2,2013,2013-2015,2016-2017,北京,4057,0.16021690904609318,0.20014789253142717,0.24007887601676114,0.23095883657875277,0.13616071428571427,0.8638392857142857,896,0.9625468164794008,0.8714107365792759,801,0.20014789253142717,0.20014789253142717,0.9064039408866995,1624,0.19203898247129292,0.17385630319709786,0.23095883657875277,0.04005917888477172,0.1814148385506532,0.1814148385506532
0.2,2013,2013-2015,2016-2017,南京,429,0.13053613053613053,0.20046620046620048,0.2703962703962704,0.317016317016317,0.4344262295081967,0.5655737704918034,122,0.96,0.6266666666666667,75,0.20046620046620048,0.20046620046620048,0.6744186046511628,172,0.1721242691734495,0.11235889793266844,0.317016317016317,0.04018669752935488,0.1351981351981352,0.1351981351981352
0.2,2013,2013-2015,2016-2017,大连,28,0.17857142857142858,0.21428571428571427,0.25,0.32142857142857145,0.375,0.625,8,1.0,0.8,5,0.21428571428571427,0.21428571428571427,0.75,12,0.20089285714285715,0.16071428571428573,0.32142857142857145,0.04591836734693877,0.1607142857142857,0.1607142857142857
0.2,2013,2013-2015,2016-2017,天津,256,0.13671875,0.203125,0.26953125,0.27734375,0.265625,0.734375,64,0.9375,0.7708333333333334,48,0.203125,0.203125,0.8076923076923077,104,0.19094467163085938,0.15699895222981772,0.27734375,0.041259765625,0.1640625,0.1640625
0.2,2014,2014-2016,2017-2018,上海,206,0.17475728155339806,0.20388349514563106,0.23300970873786409,0.33980582524271846,0.4918032786885246,0.5081967213114754,61,0.868421052631579,0.47368421052631576,38,0.20388349514563106,0.20388349514563106,0.5833333333333334,84,0.14996607386682528,0.08179967665463196,0.33980582524271846,0.041568479592798566,0.11893203883495146,0.11893203883495146
0.2,2014,2014-2016,2017-2018,北京,4285,0.18016336056009336,0.2,0.21983663943990664,0.25040840140023335,0.09247311827956989,0.9075268817204301,930,0.8197474167623421,0.7198622273249139,871,0.2,0.2,0.8582263710618436,1714,0.18628953152130537,0.16359038692417155,0.25040840140023335,0.04000000000000001,0.17164527421236875,0.17164527421236875
0.2,2014,2014-2016,2017-2018,南京,553,0.13381555153707053,0.2007233273056058,0.26763110307414106,0.30198915009041594,0.3424657534246575,0.6575342465753424,146,0.8333333333333334,0.5370370370370371,108,0.2007233273056058,0.2007233273056058,0.6936936936936937,222,0.16547350689885804,0.10663848222370852,0.30198915009041594,0.04028985412463335,0.13924050632911394,0.13924050632911394
0.2,2014,2014-2016,2017-2018,大连,126,0.1746031746031746,0.20634920634920634,0.23809523809523808,0.2698412698412698,0.30303030303030304,0.696969696969697,33,1.0,0.76,25,0.20634920634920634,0.20634920634920634,0.8076923076923077,52,0.18807118807118808,0.14293410293410294,0.2698412698412698,0.04257999496094734,0.16666666666666666,0.16666666666666666
0.2,2014,2014-2016,2017-2018,天津,746,0.15415549597855227,0.20107238605898123,0.2479892761394102,0.28820375335120646,0.28804347826086957,0.7119565217391304,184,0.8263888888888888,0.6319444444444444,144,0.20107238605898123,0.20107238605898123,0.74,300,0.1695655310609887,0.1296677590466384,0.28820375335120646,0.04043010443545199,0.1487935656836461,0.1487935656836461
0.2,2014,2014-2016,2017-2018,廊坊,46,0.10869565217391304,0.21739130434782608,0.32608695652173914,0.34782608695652173,0.38461538461538464,0.6153846153846154,13,0.7777777777777778,0.5555555555555556,9,0.21739130434782608,0.21739130434782608,0.65,20,0.16648086213303603,0.11891490152359718,0.34782608695652173,0.04725897920604915,0.14130434782608695,0.14130434782608695
0.2,2015,2015-2017,2018-2019,上海,687,0.17903930131004367,0.20087336244541484,0.22270742358078602,0.29694323144104806,0.3978494623655914,0.6021505376344086,186,0.9375,0.640625,128,0.20087336244541484,0.20087336244541484,0.7028985507246377,276,0.16762924355543038,0.11454664976287741,0.29694323144104806,0.040350107740127,0.14119359534206696,0.14119359534206696
0.2,2015,2015-2017,2018-2019,北京,4865,0.1829393627954779,0.2,0.2170606372045221,0.25241521068859196,0.25302245250431776,0.7469775474956822,1158,0.9565677966101694,0.7913135593220338,944,0.2,0.2,0.828365878725591,1946,0.18035941844574746,0.1492009807076117,0.25241521068859196,0.04000000000000001,0.1656731757451182,0.1656731757451182
0.2,2015,2015-2017,2018-2019,南京,1003,0.17347956131605186,0.20039880358923232,0.22731804586241275,0.3120638085742772,0.475,0.525,280,0.9385474860335196,0.6201117318435754,179,0.20039880358923232,0.20039880358923232,0.6417910447761194,402,0.1537655190852025,0.10159507510986594,0.3120638085742772,0.04015968047999571,0.12861415752741776,0.12861415752741776
0.2,2015,2015-2017,2018-2019,大连,766,0.16318537859007834,0.2010443864229765,0.23890339425587467,0.26762402088772846,0.27225130890052357,0.7277486910994764,191,0.958904109589041,0.7602739726027398,146,0.2010443864229765,0.2010443864229765,0.8116883116883117,308,0.1867590707335292,0.14807326322444103,0.26762402088772846,0.0404188453121911,0.16318537859007834,0.16318537859007834
0.2,2015,2015-2017,2018-2019,天津,1359,0.16629874908020603,0.20014716703458427,0.23399558498896247,0.2913907284768212,0.34782608695652173,0.6521739130434783,345,0.8666666666666667,0.6470588235294118,255,0.20014716703458427,0.20014716703458427,0.7169117647058824,544,0.16469910739994242,0.12296539692755881,0.2913907284768212,0.04005888847196978,0.1434878587196468,0.1434878587196468
0.2,2015,2015-2017,2018-2019,廊坊,64,0.140625,0.203125,0.265625,0.34375,0.4444444444444444,0.5555555555555556,18,0.6923076923076923,0.3076923076923077,13,0.203125,0.203125,0.5384615384615384,26,0.13221153846153846,0.05876068376068377,0.34375,0.041259765625,0.109375,0.109375
0.2,2016,2016-2018,2019-2020,上海,838,0.18496420047732698,0.20047732696897375,0.2159904534606205,0.26252983293556087,0.2463768115942029,0.7536231884057971,207,0.9567901234567902,0.7530864197530864,162,0.20047732696897375,0.20047732696897375,0.8273809523809523,336,0.18929955747545363,0.14899707104519574,0.26252983293556087,0.04019115862862481,0.1658711217183771,0.1658711217183771
0.2,2016,2016-2018,2019-2020,北京,4914,0.18233618233618235,0.20004070004070004,0.21774521774521774,0.2444037444037444,0.18629173989455183,0.8137082601054482,1138,0.9563409563409564,0.817047817047817,962,0.20004070004070004,0.20004070004070004,0.8708036622583927,1966,0.19019072554289534,0.1624890329094736,0.2444037444037444,0.04001628167277333,0.1741961741961742,0.1741961741961742
0.2,2016,2016-2018,2019-2020,南京,1278,0.17449139280125195,0.20031298904538342,0.22613458528951486,0.3051643192488263,0.3789173789173789,0.621082621082621,351,0.8930041152263375,0.5555555555555556,243,0.20031298904538342,0.20031298904538342,0.689453125,512,0.16925308391526828,0.10529569736664156,0.3051643192488263,0.040125293580295894,0.13810641627543035,0.13810641627543035
0.2,2016,2016-2018,2019-2020,大连,1320,0.18106060606060606,0.2,0.21893939393939393,0.23787878787878788,0.15593220338983052,0.8440677966101695,295,0.9351145038167938,0.8244274809160306,262,0.2,0.2,0.8806818181818182,528,0.18775773650595748,0.16553335136851763,0.23787878787878788,0.04000000000000001,0.17613636363636365,0.17613636363636365
0.2,2016,2016-2018,2019-2020,天津,1943,0.1718991250643335,0.2002058672156459,0.2285126093669583,0.2774060730828616,0.3084677419354839,0.6915322580645161,496,0.947945205479452,0.7205479452054795,365,0.2002058672156459,0.2002058672156459,0.7789203084832905,778,0.18184930369712687,0.13822649385070626,0.2774060730828616,0.04008238926756884,0.1559444158517756,0.1559444158517756
0.2,2016,2016-2018,2019-2020,廊坊,71,0.16901408450704225,0.2112676056338028,0.2535211267605634,0.352112676056338,0.5652173913043478,0.4347826086956522,23,0.9285714285714286,0.42857142857142855,14,0.2112676056338028,0.2112676056338028,0.5333333333333333,30,0.14215729157554022,0.06561105765024931,0.352112676056338,0.04463400119024003,0.11267605633802817,0.11267605633802817
0.2,2016,2016-2018,2019-2020,沈阳,145,0.16551724137931034,0.2,0.23448275862068965,0.31724137931034485,0.4146341463414634,0.5853658536585367,41,0.8571428571428571,0.4642857142857143,28,0.2,0.2,0.6379310344827587,58,0.1591733749849814,0.08621891145019826,0.31724137931034485,0.04000000000000001,0.12758620689655173,0.12758620689655173
0.2,2017,2017-2019,2020-2021,上海,2945,0.18132427843803056,0.2,0.21867572156196943,0.23769100169779286,0.15987933634992457,0.8401206636500754,663,0.9533678756476683,0.842832469775475,579,0.2,0.2,0.8870967741935484,1178,0.19037719411689208,0.16830447595841186,0.23769100169779286,0.04000000000000001,0.1774193548387097,0.1774193548387097
0.2,2017,2017-2019,2020-2021,北京,4522,0.18421052631578946,0.20013268465280848,0.21605484298982752,0.23219814241486067,0.135,0.865,1000,0.9531772575250836,0.8561872909698997,897,0.20013268465280848,0.20013268465280848,0.9022099447513812,1810,0.19144698012984457,0.17196641022189546,0.23219814241486067,0.04005309146634048,0.18056169836355593,0.18056169836355593
0.2,2017,2017-2019,2020-2021,南京,1327,0.17407686510926904,0.2004521477015825,0.22682743029389602,0.2712886209495102,0.29673590504451036,0.7032640949554896,337,0.94921875,0.7109375,256,0.2004521477015825,0.2004521477015825,0.7875939849624061,532,0.18109911638890067,0.13563802132831243,0.2712886209495102,0.04018106351817705,0.15787490580256217,0.15787490580256217
0.2,2017,2017-2019,2020-2021,大连,1420,0.18028169014084508,0.2,0.21971830985915494,0.2380281690140845,0.16199376947040497,0.838006230529595,321,0.9638989169675091,0.855595667870036,277,0.2,0.2,0.8908450704225352,568,0.19226803854267002,0.1706648881446172,0.2380281690140845,0.04000000000000001,0.17816901408450705,0.17816901408450705
0.2,2017,2017-2019,2020-2021,天津,2077,0.16947520462205104,0.20028887818969668,0.23110255175734232,0.2522869523350987,0.23123732251521298,0.768762677484787,493,0.9506172839506173,0.7876543209876543,405,0.20028887818969668,0.20028887818969668,0.8389423076923077,832,0.1843710748001699,0.1527646048344265,0.2522869523350987,0.04011563472648715,0.16803081367356765,0.16803081367356765
0.2,2017,2017-2019,2020-2021,廊坊,83,0.1686746987951807,0.20481927710843373,0.24096385542168675,0.3132530120481928,0.30434782608695654,0.6956521739130435,23,0.875,0.5625,16,0.20481927710843373,0.20481927710843373,0.7352941176470589,34,0.19067574646411733,0.12257726558407545,0.3132530120481928,0.04195093627522137,0.15060240963855423,0.15060240963855423
0.2,2017,2017-2019,2020-2021,无锡,52,0.19230769230769232,0.21153846153846154,0.23076923076923078,0.25,0.15384615384615385,0.8461538461538461,13,0.9166666666666666,0.6666666666666666,12,0.21153846153846154,0.21153846153846154,0.8636363636363636,22,0.1939102564102564,0.14102564102564102,0.25,0.04474852071005917,0.18269230769230768,0.18269230769230768
0.2,2017,2017-2019,2020-2021,沈阳,333,0.15015015015015015,0.2012012012012012,0.25225225225225223,0.2732732732732733,0.32558139534883723,0.6744186046511628,86,0.9538461538461539,0.6923076923076923,65,0.2012012012012012,0.2012012012012012,0.7686567164179104,134,0.175794399050213,0.1275927089880578,0.2732732732732733,0.040481923364806244,0.15465465465465464,0.15465465465465464
0.2,2017,2017-2019,2020-2021,石家庄,151,0.1456953642384106,0.2052980132450331,0.26490066225165565,0.32450331125827814,0.4772727272727273,0.5227272727272727,44,0.9629629629629629,0.6296296296296297,27,0.2052980132450331,0.2052980132450331,0.6451612903225806,62,0.16334425937074942,0.10680201574241309,0.32450331125827814,0.04214727424235779,0.1324503311258278,0.1324503311258278
0.2,2018,2018-2020,2021-2022,上海,3292,0.1865127582017011,0.20018226002430134,0.21385176184690158,0.2278250303766707,0.11748251748251748,0.8825174825174825,715,0.9614791987673343,0.8906009244992296,649,0.20018226002430134,0.20018226002430134,0.917298937784522,1318,0.19331459644344032,0.17906384093639183,0.2278250303766707,0.040072937228436994,0.1836269744835966,0.1836269744835966
0.2,2018,2018-2020,2021-2022,丹东,57,0.08771929824561403,0.21052631578947367,0.3333333333333333,0.3333333333333333,0.375,0.625,16,0.8181818181818182,0.5454545454545454,11,0.21052631578947367,0.21052631578947367,0.6666666666666666,24,0.17045454545454544,0.11363636363636362,0.3333333333333333,0.04432132963988919,0.14035087719298245,0.14035087719298245
0.2,2018,2018-2020,2021-2022,保定,30,0.06666666666666667,0.2,0.3333333333333333,0.3333333333333333,0.5,0.5,8,0.8,0.6,5,0.2,0.2,0.5833333333333334,12,0.13333333333333333,0.09999999999999999,0.3333333333333333,0.04000000000000001,0.11666666666666668,0.11666666666666668
0.2,2018,2018-2020,2021-2022,北京,4426,0.18300948938093087,0.20018075011296882,0.21735201084500677,0.22910076818798011,0.11813471502590674,0.8818652849740932,965,0.9522184300341296,0.8703071672354948,879,0.20018075011296882,0.20018075011296882,0.9119638826185101,1772,0.19238241627651745,0.17583339122047292,0.22910076818798011,0.040072332715790866,0.18255761409850882,0.18255761409850882
0.2,2018,2018-2020,2021-2022,南京,497,0.16498993963782696,0.2012072434607646,0.23742454728370221,0.24346076458752516,0.15178571428571427,0.8482142857142857,112,0.9191919191919192,0.8080808080808081,99,0.2012072434607646,0.2012072434607646,0.875,200,0.18981947238989494,0.16687426144166587,0.24346076458752516,0.0404843548210794,0.17605633802816903,0.17605633802816903
0.2,2018,2018-2020,2021-2022,吉林,150,0.14,0.2,0.26,0.36,0.45454545454545453,0.5454545454545454,44,0.7407407407407407,0.3333333333333333,27,0.2,0.2,0.55,60,0.14545454545454545,0.06545454545454545,0.36,0.04000000000000001,0.11000000000000001,0.11000000000000001
0.2,2018,2018-2020,2021-2022,呼和浩特,109,0.1559633027522936,0.2018348623853211,0.24770642201834864,0.26605504587155965,0.2857142857142857,0.7142857142857143,28,0.9545454545454546,0.6818181818181818,22,0.2018348623853211,0.2018348623853211,0.7954545454545454,44,0.18140116763969977,0.12957226259978555,0.26605504587155965,0.04073731167410151,0.16055045871559634,0.16055045871559634
0.2,2018,2018-2020,2021-2022,哈尔滨,358,0.09497206703910614,0.2011173184357542,0.30726256983240224,0.37988826815642457,0.5454545454545454,0.4545454545454546,110,0.8070175438596491,0.43859649122807015,57,0.20297951582867785,0.2011173184357542,0.5136986301369864,146,0.13935295323122432,0.07573530066914365,0.37988826815642457,0.04120068384604448,0.10427029922706055,0.103313690977271
0.2,2018,2018-2020,2021-2022,唐山,75,0.14666666666666667,0.2,0.25333333333333335,0.3466666666666667,0.36363636363636365,0.6363636363636364,22,0.7857142857142857,0.35714285714285715,14,0.2,0.2,0.6333333333333333,30,0.17333333333333334,0.0787878787878788,0.3466666666666667,0.04000000000000001,0.12666666666666668,0.12666666666666668
0.2,2018,2018-2020,2021-2022,大连,1318,0.17071320182094082,0.20030349013657056,0.2298937784522003,0.2298937784522003,0.10877192982456141,0.8912280701754386,285,0.9571984435797666,0.9027237354085603,257,0.20030349013657056,0.20030349013657056,0.9204545454545454,528,0.19611827227534007,0.1849570697881256,0.2298937784522003,0.04012148816089122,0.18437025796661607,0.18437025796661607
0.2,2018,2018-2020,2021-2022,天津,2635,0.17229601518026566,0.2,0.22770398481973433,0.2318785578747628,0.14408233276157806,0.8559176672384219,583,0.9577735124760077,0.8618042226487524,521,0.2,0.2,0.8994307400379506,1054,0.19008830751449024,0.1710413829138399,0.2318785578747628,0.04000000000000001,0.17988614800759015,0.17988614800759015
0.2,2018,2018-2020,2021-2022,太原,92,0.13043478260869565,0.20652173913043478,0.2826086956521739,0.32608695652173914,0.4666666666666667,0.5333333333333333,30,1.0,0.42105263157894735,19,0.20652173913043478,0.20652173913043478,0.631578947368421,38,0.17391304347826086,0.07322654462242563,0.32608695652173914,0.042651228733459355,0.13043478260869565,0.13043478260869565
0.2,2018,2018-2020,2021-2022,常州,69,0.13043478260869565,0.2028985507246377,0.2753623188405797,0.2753623188405797,0.1875,0.8125,16,0.8461538461538461,0.7692307692307693,13,0.2028985507246377,0.2028985507246377,0.8214285714285714,28,0.18931159420289853,0.17210144927536233,0.2753623188405797,0.041167821886158376,0.16666666666666666,0.16666666666666666
0.2,2018,2018-2020,2021-2022,廊坊,226,0.168141592920354,0.20353982300884957,0.23893805309734514,0.2920353982300885,0.288135593220339,0.711864406779661,59,0.8125,0.5,48,0.20353982300884957,0.20353982300884957,0.717391304347826,92,0.16891030448477576,0.10394480275986201,0.2920353982300885,0.041428459550473806,0.14601769911504425,0.14601769911504425
0.2,2018,2018-2020,2021-2022,张家口,27,0.18518518518518517,0.2222222222222222,0.25925925925925924,0.4444444444444444,0.6666666666666666,0.33333333333333337,12,1.0,0.0,6,0.2222222222222222,0.2222222222222222,0.3333333333333333,12,0.14814814814814817,0.0,0.4444444444444444,0.04938271604938271,0.07407407407407407,0.07407407407407407
0.2,2018,2018-2020,2021-2022,徐州,317,0.1167192429022082,0.20189274447949526,0.2870662460567823,0.3280757097791798,0.4,0.6,90,0.8333333333333334,0.4666666666666667,60,0.20189274447949526,0.20189274447949526,0.640625,128,0.1640378548895899,0.09186119873817035,0.3280757097791798,0.04076068027346277,0.12933753943217666,0.12933753943217666
0.2,2018,2018-2020,2021-2022,无锡,312,0.125,0.20192307692307693,0.27884615384615385,0.2916666666666667,0.3493975903614458,0.6506024096385542,83,0.8870967741935484,0.5967741935483871,62,0.202991452991453,0.20192307692307693,0.7165354330708661,127,0.16833462883793238,0.11324329576369997,0.2916666666666667,0.04120552998758127,0.14545056867891512,0.14468503937007873
0.2,2018,2018-2020,2021-2022,沈阳,652,0.15030674846625766,0.200920245398773,0.25153374233128833,0.2607361963190184,0.2389937106918239,0.7610062893081762,159,0.9230769230769231,0.7230769230769231,130,0.20143149284253578,0.200920245398773,0.8174904942965779,263,0.18315866330682862,0.14347428625701572,0.2607361963190184,0.04057464630877254,0.16466833065074218,0.16425039072523268
0.2,2018,2018-2020,2021-2022,石家庄,524,0.1450381679389313,0.20038167938931298,0.25572519083969464,0.29389312977099236,0.35507246376811596,0.644927536231884,138,0.9175257731958762,0.6597938144329897,97,0.20038167938931298,0.20038167938931298,0.7285714285714285,210,0.17390762594621473,0.1250571692197499,0.29389312977099236,0.040152817434881416,0.14599236641221375,0.14599236641221375
0.2,2018,2018-2020,2021-2022,长春,442,0.12217194570135746,0.20135746606334842,0.28054298642533937,0.3076923076923077,0.375,0.625,120,0.8795180722891566,0.5783132530120482,83,0.20135746606334842,0.20135746606334842,0.6910112359550562,178,0.1691380908248378,0.11121408711770157,0.3076923076923077,0.04054482913945251,0.13914027149321267,0.13914027149321267
