department,balanced_communes,ever_full_share,exposure_share_observable,lambda_immediate_escape,non_escape_share,delta_deepen_given_immediate_repeat,persistent_share_3plus,minimal_law_prediction,exposure_only_prediction,persistent_count,observable_exposed_count,immediate_repeat_count,persistent_among_immediate_repeat_count,median_commune_price_per_m2,total_transactions,minimal_abs_error,exposure_only_abs_error,minimal_beats_exposure_only
01,303,0.40264026402640263,0.36633663366336633,0.5315315315315315,0.46846846846846846,0.7115384615384616,0.16831683168316833,0.12211221122112212,0.36633663366336633,51,111,52,37,2383.712121212121,55947,0.04620462046204621,0.198019801980198,True
02,314,0.39490445859872614,0.35987261146496813,0.5132743362831859,0.48672566371681414,0.7454545454545455,0.17834394904458598,0.1305732484076433,0.35987261146496813,56,113,55,41,1348.3273404452725,37239,0.047770700636942665,0.18152866242038215,True
03,234,0.5470085470085471,0.49145299145299143,0.7478260869565218,0.25217391304347825,0.6896551724137931,0.10683760683760683,0.08547008547008547,0.49145299145299143,25,115,29,20,1124.9304783092325,40752,0.02136752136752136,0.3846153846153846,True
04,107,0.4672897196261682,0.4392523364485981,0.6595744680851063,0.3404255319148936,0.6875,0.14953271028037382,0.102803738317757,0.4392523364485981,16,47,16,11,2346.938775510204,20449,0.046728971962616814,0.28971962616822433,True
05,88,0.375,0.36363636363636365,0.5625,0.4375,0.7857142857142857,0.17045454545454544,0.125,0.36363636363636365,15,32,14,11,2651.3005007772394,20209,0.04545454545454544,0.1931818181818182,True
06,125,0.296,0.28,0.2857142857142857,0.7142857142857143,0.88,0.192,0.17600000000000002,0.28,24,35,25,22,3921.052631578948,160662,0.015999999999999986,0.08800000000000002,True
07,221,0.47058823529411764,0.4434389140271493,0.6632653061224489,0.336734693877551,0.6666666666666666,0.1493212669683258,0.09954751131221719,0.4434389140271493,33,98,33,22,2173.913043478261,29900,0.0497737556561086,0.2941176470588235,True
08,131,0.4351145038167939,0.4122137404580153,0.5740740740740741,0.42592592592592593,0.6086956521739131,0.16030534351145037,0.1068702290076336,0.4122137404580153,21,54,23,14,1300.6849315068494,19044,0.05343511450381677,0.2519083969465649,True
09,133,0.518796992481203,0.46616541353383456,0.6612903225806452,0.3387096774193548,0.47619047619047616,0.10526315789473684,0.07518796992481203,0.46616541353383456,14,62,21,10,1529.1666666666663,16142,0.03007518796992481,0.3609022556390977,True
10,157,0.4394904458598726,0.39490445859872614,0.6774193548387097,0.3225806451612903,0.85,0.15286624203821655,0.10828025477707005,0.39490445859872614,24,62,20,17,1485.935171385991,24842,0.0445859872611465,0.24203821656050958,True
11,223,0.4618834080717489,0.43946188340807174,0.6428571428571428,0.35714285714285715,0.6857142857142857,0.15246636771300448,0.10762331838565023,0.43946188340807174,34,98,35,24,1629.1775682954983,48353,0.04484304932735425,0.28699551569506726,True
12,186,0.510752688172043,0.46774193548387094,0.7126436781609196,0.28735632183908044,0.64,0.14516129032258066,0.08602150537634408,0.46774193548387094,27,87,25,16,1468.8469030772685,26352,0.059139784946236576,0.32258064516129026,True
13,130,0.3153846153846154,0.3,0.3589743589743589,0.6410256410256411,0.88,0.2076923076923077,0.16923076923076924,0.3,27,39,25,22,4096.819335631387,180803,0.038461538461538464,0.09230769230769229,True
14,338,0.3905325443786982,0.3757396449704142,0.5590551181102362,0.4409448818897638,0.8035714285714286,0.17159763313609466,0.1331360946745562,0.3757396449704142,58,127,56,45,2384.554034425413,81943,0.038461538461538464,0.20414201183431951,True
15,110,0.5636363636363636,0.5,0.7454545454545455,0.2545454545454545,0.5714285714285714,0.12727272727272726,0.07272727272727271,0.5,14,55,14,8,1239.1760651629074,12817,0.05454545454545455,0.37272727272727274,True
16,264,0.4962121212121212,0.4393939393939394,0.6810344827586207,0.31896551724137934,0.6486486486486487,0.1553030303030303,0.09090909090909093,0.4393939393939394,41,116,37,24,1343.9602784152803,37516,0.06439393939393938,0.28409090909090906,True
17,342,0.40350877192982454,0.37719298245614036,0.5116279069767442,0.4883720930232558,0.7142857142857143,0.16666666666666666,0.13157894736842105,0.37719298245614036,57,129,63,45,1902.7783185303824,79021,0.03508771929824561,0.2105263157894737,True
18,201,0.472636815920398,0.43781094527363185,0.6477272727272727,0.3522727272727273,0.6774193548387096,0.14925373134328357,0.10447761194029852,0.43781094527363185,30,88,31,21,1083.3333333333333,32971,0.04477611940298505,0.2885572139303483,True
19,160,0.48125,0.43125,0.6521739130434783,0.34782608695652173,0.7083333333333334,0.15625,0.10625,0.43125,25,69,24,17,1357.583774250441,25975,0.05,0.275,True
21,219,0.3835616438356164,0.3561643835616438,0.5256410256410257,0.47435897435897434,0.8378378378378378,0.1689497716894977,0.1415525114155251,0.3561643835616438,37,78,37,31,2063.068181818182,47261,0.0273972602739726,0.1872146118721461,True
22,309,0.36893203883495146,0.35275080906148865,0.5321100917431192,0.46788990825688076,0.8627450980392157,0.1941747572815534,0.14239482200647252,0.35275080906148865,60,109,51,44,1707.4460801095515,78657,0.051779935275080874,0.15857605177993525,True
23,156,0.532051282051282,0.48717948717948717,0.75,0.25,0.7368421052631579,0.16025641025641027,0.08974358974358973,0.48717948717948717,25,76,19,14,849.2088162978573,14090,0.07051282051282054,0.32692307692307687,True
24,340,0.5088235294117647,0.4588235294117647,0.6538461538461539,0.34615384615384615,0.6296296296296297,0.13823529411764707,0.09999999999999999,0.4588235294117647,47,156,54,34,1696.9039143873003,55228,0.038235294117647076,0.3205882352941176,True
25,212,0.41509433962264153,0.3867924528301887,0.5365853658536586,0.4634146341463415,0.6842105263157895,0.13679245283018868,0.12264150943396228,0.3867924528301887,29,82,38,26,2136.3395683110825,45605,0.014150943396226398,0.25,True
26,190,0.49473684210526314,0.4473684210526316,0.6941176470588235,0.3058823529411765,0.7692307692307693,0.13157894736842105,0.10526315789473685,0.4473684210526316,25,85,26,20,2504.446577792948,47006,0.026315789473684195,0.3157894736842105,True
27,436,0.5022935779816514,0.4610091743119266,0.7064676616915423,0.2935323383084577,0.6610169491525424,0.13761467889908258,0.08944954128440366,0.4610091743119266,60,201,59,39,1988.1513926325247,59247,0.048165137614678916,0.32339449541284404,True
28,263,0.42585551330798477,0.39543726235741444,0.4807692307692307,0.5192307692307693,0.6851851851851852,0.17110266159695817,0.14068441064638784,0.39543726235741444,45,104,54,37,1818.1818181818185,39808,0.030418250950570325,0.22433460076045628,True
29,264,0.3522727272727273,0.3143939393939394,0.4337349397590361,0.5662650602409639,0.851063829787234,0.17803030303030304,0.15151515151515152,0.3143939393939394,47,83,47,40,2000.0,96465,0.02651515151515152,0.13636363636363635,True
2A,50,0.38,0.38,0.4736842105263158,0.5263157894736842,0.6,0.14,0.11999999999999998,0.38,7,19,10,6,4218.574421597677,13098,0.02000000000000003,0.24,True
2B,62,0.3709677419354839,0.3387096774193548,0.5714285714285714,0.42857142857142855,0.8888888888888888,0.1935483870967742,0.1290322580645161,0.3387096774193548,12,21,9,8,3197.1775138313633,12129,0.06451612903225809,0.14516129032258063,True
30,281,0.3914590747330961,0.35587188612099646,0.53,0.47,0.851063829787234,0.17437722419928825,0.14234875444839856,0.35587188612099646,49,100,47,40,2555.555555555556,77207,0.03202846975088969,0.1814946619217082,True
31,300,0.3333333333333333,0.32,0.40625,0.59375,0.8596491228070176,0.19333333333333333,0.16333333333333333,0.32,58,96,57,49,2491.8597459995444,125070,0.03,0.12666666666666668,True
32,115,0.5478260869565217,0.5217391304347826,0.7333333333333334,0.26666666666666666,0.375,0.12173913043478261,0.052173913043478265,0.5217391304347826,14,60,16,6,1636.3636363636365,15584,0.06956521739130435,0.39999999999999997,True
33,380,0.4236842105263158,0.39210526315789473,0.563758389261745,0.436241610738255,0.7538461538461538,0.17894736842105263,0.12894736842105264,0.39210526315789473,68,149,65,49,2253.2272300469485,158872,0.04999999999999999,0.2131578947368421,True
34,269,0.34944237918215615,0.3271375464684015,0.4772727272727273,0.5227272727272727,0.8913043478260869,0.1970260223048327,0.1524163568773234,0.3271375464684015,53,88,46,41,2584.2696629213483,138532,0.0446096654275093,0.13011152416356878,True
35,306,0.37254901960784315,0.3464052287581699,0.5188679245283019,0.4811320754716981,0.8235294117647058,0.1830065359477124,0.1372549019607843,0.3464052287581699,56,106,51,42,2031.818181818182,94679,0.04575163398692811,0.16339869281045752,True
36,168,0.5238095238095238,0.4642857142857143,0.6923076923076923,0.3076923076923077,0.5833333333333334,0.1130952380952381,0.08333333333333336,0.4642857142857143,19,78,24,14,998.5172872340427,22504,0.02976190476190474,0.3511904761904762,True
37,243,0.39094650205761317,0.3662551440329218,0.449438202247191,0.550561797752809,0.7142857142857143,0.18930041152263374,0.1440329218106996,0.3662551440329218,46,89,49,35,1796.875,57682,0.045267489711934145,0.17695473251028807,True
38,396,0.4595959595959596,0.4292929292929293,0.5764705882352941,0.4235294117647059,0.6805555555555556,0.15151515151515152,0.12373737373737374,0.4292929292929293,60,170,72,49,2650.883605072464,110693,0.027777777777777776,0.2777777777777778,True
39,183,0.48633879781420764,0.44808743169398907,0.6341463414634146,0.36585365853658536,0.6666666666666666,0.1366120218579235,0.10928961748633878,0.44808743169398907,25,82,30,20,1747.3684210526317,30376,0.02732240437158473,0.3114754098360656,True
40,217,0.423963133640553,0.4055299539170507,0.5795454545454546,0.42045454545454547,0.7837837837837838,0.17050691244239632,0.1336405529953917,0.4055299539170507,37,88,37,29,2173.1918238993712,45126,0.036866359447004615,0.2350230414746544,True
41,206,0.441747572815534,0.4077669902912621,0.5357142857142857,0.4642857142857143,0.7692307692307693,0.1650485436893204,0.14563106796116507,0.4077669902912621,34,84,39,30,1505.4045567818675,34381,0.01941747572815533,0.24271844660194172,True
42,255,0.403921568627451,0.3764705882352941,0.5104166666666667,0.4895833333333333,0.7446808510638298,0.17647058823529413,0.1372549019607843,0.3764705882352941,45,96,47,35,1948.051948051948,77284,0.03921568627450983,0.19999999999999998,True
43,146,0.5068493150684932,0.4589041095890411,0.7164179104477613,0.2835820895522388,0.7368421052631579,0.1506849315068493,0.0958904109589041,0.4589041095890411,22,67,19,14,1482.3771043771044,20003,0.0547945205479452,0.3082191780821918,True
44,204,0.28431372549019607,0.2647058823529412,0.2407407407407407,0.7592592592592593,0.8780487804878049,0.18627450980392157,0.17647058823529413,0.2647058823529412,38,54,41,36,2509.6385387488326,130978,0.009803921568627444,0.0784313725490196,True
45,247,0.4493927125506073,0.4089068825910931,0.6039603960396039,0.39603960396039606,0.675,0.14979757085020243,0.10931174089068826,0.4089068825910931,37,101,40,27,1693.9890710382513,64332,0.040485829959514164,0.2591093117408907,True
46,163,0.5644171779141104,0.5214723926380368,0.7058823529411764,0.29411764705882354,0.44,0.09815950920245399,0.06748466257668712,0.5214723926380368,16,85,25,11,1752.6881720430108,18482,0.030674846625766874,0.4233128834355828,True
47,212,0.5377358490566038,0.4858490566037736,0.6990291262135923,0.30097087378640774,0.6129032258064516,0.12735849056603774,0.08962264150943396,0.4858490566037736,27,103,31,19,1627.8645405227685,38298,0.03773584905660378,0.3584905660377359,True
48,54,0.48148148148148145,0.4074074074074074,0.6363636363636364,0.36363636363636365,0.625,0.1111111111111111,0.09259259259259259,0.4074074074074074,6,22,8,5,1675.2281151981751,5799,0.018518518518518517,0.2962962962962963,True
49,161,0.37267080745341613,0.35403726708074534,0.49122807017543857,0.5087719298245614,0.8275862068965517,0.16770186335403728,0.14906832298136646,0.35403726708074534,27,57,29,24,1932.2033898305085,70862,0.018633540372670815,0.18633540372670807,True
50,323,0.44272445820433437,0.4117647058823529,0.5714285714285714,0.42857142857142855,0.5964912280701754,0.16408668730650156,0.10526315789473682,0.4117647058823529,53,133,57,34,1724.1379310344828,55941,0.05882352941176473,0.24767801857585137,True
51,186,0.3978494623655914,0.3763440860215054,0.6,0.4,0.8571428571428571,0.1989247311827957,0.12903225806451613,0.3763440860215054,37,70,28,24,1872.3464035964034,46344,0.06989247311827956,0.1774193548387097,True
52,106,0.4811320754716981,0.4528301886792453,0.6458333333333333,0.3541666666666667,0.6470588235294118,0.1509433962264151,0.1037735849056604,0.4528301886792453,16,48,17,11,949.9600332702793,11535,0.04716981132075469,0.30188679245283023,True
53,212,0.4716981132075472,0.44339622641509435,0.6382978723404256,0.3617021276595745,0.5294117647058824,0.14150943396226415,0.0849056603773585,0.44339622641509435,30,94,34,18,1290.9484300121594,31856,0.05660377358490565,0.30188679245283023,True
54,242,0.43388429752066116,0.4132231404958678,0.5800000000000001,0.42,0.7619047619047619,0.15702479338842976,0.1322314049586777,0.4132231404958678,38,100,42,32,1817.1032475490197,64168,0.024793388429752067,0.25619834710743805,True
55,124,0.4596774193548387,0.4274193548387097,0.6415094339622642,0.3584905660377358,0.631578947368421,0.16129032258064516,0.0967741935483871,0.4274193548387097,20,53,19,12,1077.2085447082059,12674,0.06451612903225806,0.2661290322580645,True
56,244,0.3524590163934426,0.3319672131147541,0.45679012345679015,0.5432098765432098,0.8409090909090909,0.19262295081967212,0.15163934426229506,0.3319672131147541,47,81,44,37,2039.408242234329,100115,0.04098360655737707,0.13934426229508196,True
58,180,0.5166666666666667,0.45,0.6049382716049383,0.3950617283950617,0.625,0.15,0.11111111111111112,0.45,27,81,32,20,1005.6501855779427,23419,0.038888888888888876,0.30000000000000004,True
59,551,0.3684210526315789,0.3484573502722323,0.47395833333333337,0.5260416666666666,0.7623762376237624,0.17422867513611615,0.13974591651542648,0.3484573502722323,96,192,101,77,1824.083769633508,215434,0.03448275862068967,0.17422867513611615,True
60,400,0.4125,0.3875,0.5096774193548388,0.49032258064516127,0.8289473684210527,0.195,0.1575,0.3875,78,155,76,63,2209.4613788911793,59889,0.037500000000000006,0.1925,True
61,210,0.5238095238095238,0.4714285714285714,0.6161616161616161,0.3838383838383838,0.5263157894736842,0.10476190476190476,0.09523809523809523,0.4714285714285714,22,99,38,20,1396.4839572192514,29351,0.009523809523809532,0.36666666666666664,True
62,508,0.42322834645669294,0.39173228346456695,0.542713567839196,0.457286432160804,0.7252747252747253,0.1673228346456693,0.1299212598425197,0.39173228346456695,85,199,91,66,1742.8683945796308,107246,0.037401574803149595,0.22440944881889766,True
63,331,0.4229607250755287,0.38972809667673713,0.5736434108527132,0.4263565891472868,0.7090909090909091,0.18126888217522658,0.11782477341389727,0.38972809667673713,60,129,55,39,1580.5,61739,0.0634441087613293,0.20845921450151056,True
64,234,0.4230769230769231,0.38461538461538464,0.5333333333333333,0.4666666666666667,0.8333333333333334,0.1752136752136752,0.14957264957264957,0.38461538461538464,41,90,42,35,2105.573310135166,65385,0.025641025641025633,0.20940170940170943,True
65,110,0.4636363636363636,0.44545454545454544,0.6326530612244898,0.3673469387755102,0.6666666666666666,0.15454545454545454,0.10909090909090909,0.44545454545454544,17,49,18,12,1760.415601023018,24016,0.045454545454545456,0.2909090909090909,True
66,151,0.3509933774834437,0.33112582781456956,0.42000000000000004,0.58,0.7586206896551724,0.18543046357615894,0.1456953642384106,0.33112582781456956,28,50,29,22,2421.6671206250803,69376,0.03973509933774835,0.14569536423841062,True
69,254,0.37401574803149606,0.3464566929133858,0.48863636363636365,0.5113636363636364,0.9111111111111111,0.16929133858267717,0.16141732283464566,0.3464566929133858,43,88,45,41,3336.3075777390295,155948,0.00787401574803151,0.17716535433070865,True
70,168,0.4107142857142857,0.3869047619047619,0.6153846153846154,0.38461538461538464,0.84,0.17261904761904762,0.12500000000000003,0.3869047619047619,29,65,25,21,1300.5102040816328,16293,0.04761904761904759,0.2142857142857143,True
71,353,0.45892351274787535,0.42492917847025496,0.5933333333333333,0.4066666666666667,0.7049180327868853,0.16147308781869688,0.12181303116147309,0.42492917847025496,57,150,61,43,1555.5555555555557,52723,0.03966005665722379,0.26345609065155806,True
72,279,0.4731182795698925,0.44086021505376344,0.6504065040650406,0.34959349593495936,0.6511627906976745,0.12903225806451613,0.10035842293906812,0.44086021505376344,36,123,43,28,1435.1851851851852,56797,0.028673835125448008,0.3118279569892473,True
73,212,0.42452830188679247,0.39622641509433965,0.5476190476190477,0.4523809523809524,0.7894736842105263,0.16981132075471697,0.14150943396226418,0.39622641509433965,36,84,38,30,3088.5987791342955,56512,0.028301886792452796,0.22641509433962267,True
74,250,0.408,0.38,0.5157894736842106,0.4842105263157895,0.782608695652174,0.168,0.14400000000000002,0.38,42,95,46,36,4222.446030136192,96153,0.023999999999999994,0.212,True
76,497,0.4969818913480885,0.44466800804828976,0.6289592760180995,0.37104072398190047,0.6585365853658537,0.13078470824949698,0.1086519114688129,0.44466800804828976,65,221,82,54,2000.0,122551,0.022132796780684083,0.3138832997987928,True
77,413,0.36077481840193704,0.3389830508474576,0.4571428571428572,0.5428571428571428,0.8157894736842105,0.18401937046004843,0.15012106537530265,0.3389830508474576,76,140,76,62,2725.663716814159,121693,0.03389830508474578,0.15496368038740918,True
78,224,0.35714285714285715,0.3392857142857143,0.4605263157894737,0.5394736842105263,0.7804878048780488,0.18303571428571427,0.14285714285714288,0.3392857142857143,41,76,41,32,3468.830128205128,107375,0.0401785714285714,0.15625000000000003,True
79,216,0.5046296296296297,0.4444444444444444,0.6770833333333333,0.3229166666666667,0.7096774193548387,0.1388888888888889,0.10185185185185186,0.4444444444444444,30,96,31,22,1210.9726631254714,39918,0.037037037037037035,0.3055555555555555,True
80,312,0.4358974358974359,0.41025641025641024,0.609375,0.390625,0.74,0.16346153846153846,0.11858974358974357,0.41025641025641024,51,128,50,37,1598.2514965908722,45638,0.04487179487179489,0.24679487179487178,True
81,171,0.4269005847953216,0.3742690058479532,0.46875,0.53125,0.8235294117647058,0.1871345029239766,0.16374269005847952,0.3742690058479532,32,64,34,28,1730.3921568627452,34099,0.023391812865497075,0.1871345029239766,True
82,123,0.4715447154471545,0.43089430894308944,0.6226415094339622,0.37735849056603776,0.9,0.1951219512195122,0.14634146341463417,0.43089430894308944,24,53,20,18,1809.734513274336,25277,0.04878048780487804,0.23577235772357724,True
83,147,0.3469387755102041,0.32653061224489793,0.41666666666666663,0.5833333333333334,0.8928571428571429,0.22448979591836735,0.17006802721088435,0.32653061224489793,33,48,28,25,3557.4354166666662,172980,0.054421768707483,0.10204081632653059,True
84,129,0.4496124031007752,0.3875968992248062,0.6,0.4,0.75,0.15503875968992248,0.11627906976744187,0.3875968992248062,20,50,20,15,3222.218253968254,54385,0.038759689922480606,0.23255813953488375,True
85,240,0.3458333333333333,0.3333333333333333,0.38749999999999996,0.6125,0.8367346938775511,0.2,0.17083333333333334,0.3333333333333333,48,80,49,41,1956.6737844078275,79034,0.029166666666666674,0.1333333333333333,True
86,218,0.44954128440366975,0.41743119266055045,0.6263736263736264,0.37362637362637363,0.8235294117647058,0.17889908256880735,0.12844036697247707,0.41743119266055045,39,91,34,28,1266.877896722858,43612,0.05045871559633028,0.2385321100917431,True
87,167,0.437125748502994,0.4251497005988024,0.619718309859155,0.38028169014084506,0.5185185185185185,0.1437125748502994,0.08383233532934131,0.4251497005988024,24,71,27,14,1296.590909090909,41734,0.059880239520958084,0.281437125748503,True
88,192,0.40625,0.3697916666666667,0.6056338028169015,0.39436619718309857,0.8928571428571429,0.17708333333333334,0.13020833333333334,0.3697916666666667,34,71,28,25,1422.4759615384614,33849,0.046875,0.19270833333333334,True
89,266,0.4473684210526316,0.40977443609022557,0.5963302752293578,0.4036697247706422,0.7727272727272727,0.17669172932330826,0.12781954887218047,0.40977443609022557,47,109,44,34,1377.900477952513,39317,0.04887218045112779,0.2330827067669173,True
90,53,0.5283018867924528,0.4339622641509434,0.7391304347826086,0.2608695652173913,0.8333333333333334,0.11320754716981132,0.09433962264150944,0.4339622641509434,6,23,6,5,1744.186046511628,11562,0.018867924528301883,0.3207547169811321,True
91,171,0.3567251461988304,0.32748538011695905,0.4464285714285714,0.5535714285714286,0.967741935483871,0.19883040935672514,0.17543859649122806,0.32748538011695905,34,56,31,30,3259.74025974026,96481,0.023391812865497075,0.1286549707602339,True
92,36,0.3055555555555556,0.3055555555555556,0.36363636363636365,0.6363636363636364,1.0,0.19444444444444445,0.19444444444444445,0.3055555555555556,7,11,7,7,6786.144094993582,127948,0.0,0.11111111111111113,True
93,39,0.3076923076923077,0.2564102564102564,0.19999999999999996,0.8,1.0,0.20512820512820512,0.20512820512820512,0.2564102564102564,8,10,8,8,4161.764705882353,107310,0.0,0.051282051282051266,True
94,47,0.3191489361702128,0.3191489361702128,0.2666666666666667,0.7333333333333333,0.6363636363636364,0.19148936170212766,0.14893617021276595,0.3191489361702128,9,15,11,7,4600.0,98401,0.04255319148936171,0.12765957446808512,True
95,146,0.3972602739726027,0.3835616438356164,0.5357142857142857,0.4642857142857143,0.8461538461538461,0.18493150684931506,0.1506849315068493,0.3835616438356164,27,56,26,22,3444.097222222222,85298,0.03424657534246575,0.19863013698630136,True
972,30,0.43333333333333335,0.36666666666666664,0.7272727272727273,0.2727272727272727,0.6666666666666666,0.16666666666666666,0.06666666666666665,0.36666666666666664,5,11,3,2,2950.938700938701,15956,0.1,0.19999999999999998,True
