test,cutoff_q,left_out_city,n_rows,n_cities,pathway_mae,pathway_rmse,pathway_pearson,pathway_spearman,pathway_mean_signed_error,strict_pathway_mae,strict_pathway_rmse,strict_pathway_pearson,strict_pathway_spearman,strict_pathway_mean_signed_error,exposure_only_mae,exposure_only_rmse,exposure_only_pearson,exposure_only_spearman,exposure_only_mean_signed_error,independence_mae,independence_rmse,independence_pearson,independence_spearman,independence_mean_signed_error,markov_pair_mae,markov_pair_rmse,markov_pair_pearson,markov_pair_spearman,markov_pair_mean_signed_error,pathway_minus_exposure_mae,pathway_minus_markov_mae,pathway_beats_exposure_only,markov_beats_pathway
single_split_2018_2020_to_2021_2022,0.1,__FULL_SAMPLE__,20,20,0.02128245500094165,0.028117186438562775,0.6807503267650604,0.8330827067669173,0.02128245500094165,0.01625317651380062,0.025772880854530743,0.5221492798223674,0.6571428571428571,-0.00608235959270933,0.11142178516151749,0.1276104261116529,-0.6813523578003359,-0.7423844075210329,0.11142178516151749,0.05008193584781606,0.0550953530773705,-0.15387952515228934,-0.11583302812384912,-0.049081935847816054,0.009242836172748082,0.017521399127904937,0.7444499009119709,0.7744360902255639,0.005473272474358336,-0.09013933016057585,0.012039618828193566,True,True
single_split_2018_2020_to_2021_2022,0.1,上海,19,19,0.022144024739072853,0.028825600401043795,0.6585879719466973,0.8070175438596491,0.022144024739072853,0.01676770989204868,0.026400633638258984,0.48114353020679346,0.6157894736842106,-0.006061586817215741,0.11587917015786775,0.13078182827805224,-0.6523803120044013,-0.6994296417073295,0.11587917015786775,0.04845038771233135,0.05337837785596193,-0.11670340693624202,-0.05089952223215195,-0.047397756133383984,0.009657356488036926,0.017973840633405593,0.7191149123163076,0.736842105263158,0.005833284193127726,-0.0937351454187949,0.012486668251035928,True,True
single_split_2018_2020_to_2021_2022,0.1,丹东,19,19,0.020740534350021687,0.027923102628393825,0.6111922933891955,0.819298245614035,0.020740534350021687,0.01673926244296649,0.026393362232730776,0.475721504850611,0.6298245614035087,-0.006771828195465036,0.10528239619956595,0.12001587880104611,-0.6226447846967915,-0.7187363570367664,0.10528239619956595,0.052377641564061606,0.056507186981196944,-0.07738063802197628,-0.04475647644551292,-0.05132500998511424,0.008805940200307307,0.01752021619759486,0.700700659619566,0.7543859649122807,0.004837978412528626,-0.08454186184954426,0.01193459414971438,True,True
single_split_2018_2020_to_2021_2022,0.1,保定,19,19,0.018016619299236827,0.021602971311194465,0.8398424676885626,0.8842105263157896,0.018016619299236827,0.012722641944351534,0.01826757741319203,0.8238633832919264,0.8228070175438595,-0.010788448694079996,0.1085141598191412,0.12521783950383905,-0.8301277140667308,-0.7959632183545141,0.1085141598191412,0.05219151141875375,0.056480065702959756,-0.2975325361314535,-0.2982456140350877,-0.05219151141875375,0.006220529304647109,0.009446648259797933,0.9039102612988764,0.8526315789473684,0.002252567516868427,-0.09049754051990437,0.011796089994589719,True,True
single_split_2018_2020_to_2021_2022,0.1,北京,19,19,0.022009710304804093,0.028796749769214116,0.6645546927252568,0.8087719298245614,0.022009710304804093,0.016817024058408448,0.026411854734837818,0.4918101428401405,0.6649122807017543,-0.00611090098357551,0.11543102269481208,0.13067559619068247,-0.6589573181911029,-0.7310224486100445,0.11543102269481208,0.04869066755533926,0.053731915070823894,-0.11926398953261604,-0.061430457866390294,-0.0476380359763919,0.009711464052270793,0.017976408063431502,0.7259557051383344,0.763157894736842,0.005743502264492111,-0.09342131239000798,0.0122982462525333,True,True
single_split_2018_2020_to_2021_2022,0.1,南京,19,19,0.02193561280582212,0.028775723482037375,0.6702626031362445,0.8087719298245614,0.02193561280582212,0.016993499737947587,0.026437657181446493,0.4939971574032239,0.6473684210526316,-0.006517590900483944,0.11463862591395568,0.13041596303480868,-0.6668582921429146,-0.7310224486100445,0.11463862591395568,0.048908675570667234,0.054033118473254586,-0.1317026806064896,-0.09477842070814503,-0.047856043991719874,0.009729301234471665,0.017976576203474166,0.7319882870024841,0.763157894736842,0.005761339446692984,-0.09270301310813356,0.012206311571350456,True,True
single_split_2018_2020_to_2021_2022,0.1,吉林,19,19,0.021871691763004943,0.028754657995702485,0.6874889836703039,0.83859649122807,0.021871691763004943,0.016321421501941154,0.02621884638385512,0.5010787580794097,0.6298245614035087,-0.0056152984271082155,0.10816328262615875,0.12474056711589523,-0.6685376529262309,-0.7228070175438598,0.10816328262615875,0.051138879839806375,0.05610608308064961,-0.1896223538855685,-0.23157894736842102,-0.05008624826085901,0.009729301234471665,0.017976576203474166,0.7367566040754364,0.7578947368421053,0.005761339446692984,-0.0862915908631538,0.012142390528533277,True,True
single_split_2018_2020_to_2021_2022,0.1,呼和浩特,19,19,0.02191972568906461,0.028770741227752195,0.6696351558363304,0.8087719298245614,0.02191972568906461,0.016713540792807118,0.026386284199739377,0.5023991474623969,0.6561403508771929,-0.0060074177179741785,0.11535465555389092,0.13065457251424584,-0.6630153438438874,-0.7362879164271636,0.11535465555389092,0.04890811776502089,0.0540323712686562,-0.13620609786765278,-0.09477842070814503,-0.04785548618607352,0.009487871973245203,0.017945746524565726,0.7302500184904162,0.7666666666666666,0.005519910185466522,-0.09343492986482631,0.012431853715819405,True,True
single_split_2018_2020_to_2021_2022,0.1,哈尔滨,19,19,0.020631544786423213,0.027795510666943194,0.6577516689487832,0.8350877192982457,0.020631544786423213,0.0171048691723021,0.02644241280849681,0.4966771191316716,0.6333333333333333,-0.006398746097469163,0.10802410787363498,0.12454554915463874,-0.6661038669462153,-0.7310224486100445,0.10802410787363498,0.05163286862719884,0.05632846005685744,-0.19613049223849863,-0.17463801593445238,-0.05058023704825147,0.009067731108038267,0.017743772608656835,0.7244068206684571,0.7596491228070175,0.005099769320259584,-0.08739256308721177,0.011563813678384946,True,True
single_split_2018_2020_to_2021_2022,0.1,唐山,19,19,0.021466911696897642,0.02855785824353773,0.680969799526578,0.8456140350877193,0.021466911696897642,0.016172934342012345,0.026125988642205833,0.5204478267046647,0.6368421052631579,-0.00546681126717941,0.10886503701212366,0.12567468803641463,-0.6875853128033106,-0.736842105263158,0.10886503701212366,0.0505096400737245,0.055701124420488024,-0.14329023039289746,-0.1017990444643039,-0.04945700849477713,0.009729301234471665,0.017976576203474166,0.7453812474596855,0.7649122807017543,0.005761339446692984,-0.08739812531522602,0.011737610462425977,True,True
single_split_2018_2020_to_2021_2022,0.1,大连,19,19,0.021560418630113865,0.02861310593123655,0.6705742134890015,0.8105263157894737,0.021560418630113865,0.01709254592690626,0.02644232515219767,0.505553077930531,0.6473684210526316,-0.006418544711525267,0.11469045031777017,0.1304357547124505,-0.6703689217272288,-0.7310224486100445,0.11469045031777017,0.0491725844300553,0.05437329122775205,-0.13163037513760972,-0.09126810883006557,-0.048119952851107935,0.00934993856375846,0.01790035997729183,0.7363995283527734,0.763157894736842,0.00538197677597978,-0.09313003168765631,0.012210480066355405,True,True
single_split_2018_2020_to_2021_2022,0.1,天津,19,19,0.02178908645658552,0.028723409182839995,0.6651447262368498,0.8105263157894737,0.02178908645658552,0.01703098963821081,0.02644025333371526,0.4930494580882119,0.6315789473684211,-0.006480101000220715,0.11526871223433478,0.13062989402689584,-0.6626864025448088,-0.7362879164271636,0.11526871223433478,0.0488718289035567,0.05398350325307091,-0.12504104531332105,-0.07898201725678752,-0.04781919732460934,0.00948961282939826,0.017946189899260168,0.7295319732847813,0.7666666666666666,0.005521651041619578,-0.09347962577774926,0.012299473627187259,True,True
single_split_2018_2020_to_2021_2022,0.1,太原,19,19,0.021864153736352632,0.02875199480628332,0.6590592422076504,0.8070175438596491,0.021864153736352632,0.014450106385505564,0.023767974045461288,0.5848814377226761,0.7385964912280703,-0.0037439833106726254,0.11099318346521289,0.1280198536901545,-0.7684573027137848,-0.8714349237332223,0.11099318346521289,0.04876299684308962,0.05383389265678346,-0.3235971874057509,-0.2509872992826803,-0.047710365264142254,0.008299095284814914,0.016860990477699574,0.7883318493004552,0.8491228070175438,0.0071915453963497375,-0.08912902972886026,0.013565058451537718,True,True
single_split_2018_2020_to_2021_2022,0.1,常州,19,19,0.022148325376022997,0.028826327236444276,0.7045621464606467,0.8701754385964912,0.022148325376022997,0.015710183261412297,0.02573024053693758,0.5293309823651948,0.6456140350877193,-0.005004060186579356,0.1104211010853502,0.12746004214608941,-0.6830883888438455,-0.7450636961223622,0.1104211010853502,0.050208403049216165,0.055458218481291205,-0.15511776920342665,-0.09126810883006557,-0.04915577147026879,0.009347912981229866,0.01789954214511667,0.7543158160147373,0.7789473684210525,0.006142727699934784,-0.0882727757093272,0.012800412394793131,True,True
single_split_2018_2020_to_2021_2022,0.1,廊坊,19,19,0.021820376479798856,0.02873578073554111,0.6863379755108652,0.8456140350877193,0.021820376479798856,0.015879501645226134,0.025893979373146723,0.5311431458683101,0.6508771929824562,-0.005173378570393194,0.11262842778995319,0.1293418461642217,-0.6798036786271564,-0.7240018248538854,0.11262842778995319,0.04976969212779001,0.05504654822155318,-0.1518055473362201,-0.09302326476910529,-0.048717060548842644,0.009729301234471667,0.017976576203474166,0.7449583596059076,0.780701754385965,0.005761339446692984,-0.09080805131015433,0.012091075245327189,True,True
single_split_2018_2020_to_2021_2022,0.1,张家口,19,19,0.01980349389312896,0.02652989457792851,0.7167735026495664,0.8736842105263157,0.01980349389312896,0.015159289117840813,0.025040058052683983,0.49172516526905796,0.6333333333333333,-0.004453166043007873,0.10559018321095408,0.12059189572983006,-0.6774052089634558,-0.7240018248538854,0.10559018321095408,0.05141828204903315,0.05624209673287854,-0.021101986393560368,-0.02896007299415542,-0.050365650470085774,0.009729301234471667,0.017976576203474166,0.7334484569005776,0.7578947368421053,0.005761339446692984,-0.08578668931782511,0.010074192658657295,True,True
single_split_2018_2020_to_2021_2022,0.1,徐州,19,19,0.020860495551381385,0.028053569010323687,0.6791782398624733,0.8473684210526315,0.020860495551381385,0.016634424555453418,0.026361512330101273,0.5150200784485712,0.6614035087719298,-0.005928301480620479,0.10981472985622129,0.12681045899174445,-0.6778328098623315,-0.7441861181528423,0.10981472985622129,0.05076369868617395,0.05588118853757526,-0.16692270764201653,-0.13339185136701892,-0.04971106710722658,0.009397240799472498,0.01791821066630172,0.7406154117368445,0.7666666666666666,0.005429279011693816,-0.0889542343048399,0.011463254751908887,True,True
single_split_2018_2020_to_2021_2022,0.1,无锡,19,19,0.0206631929984421,0.027833456333077402,0.6915831475777711,0.8315789473684211,0.0206631929984421,0.016904303362855054,0.026427417621412302,0.5247546794814802,0.6596491228070176,-0.006606787275576474,0.1120566699405987,0.12892597044781068,-0.6846747022759926,-0.7275121367319649,0.1120566699405987,0.05023504233677859,0.05548099481863478,-0.1536177809402704,-0.09126810883006557,-0.049182410757831224,0.008970191922730773,0.017669425570828574,0.7491053518974174,0.7754385964912281,0.00500223013495209,-0.09139347694215659,0.011693001075711328,True,True
single_split_2018_2020_to_2021_2022,0.1,沈阳,19,19,0.021166820409829708,0.028340259600046117,0.681117466260391,0.8280701754385964,0.021166820409829708,0.016670110023775265,0.026373246872432466,0.5222900502423479,0.6508771929824562,-0.005963986948942325,0.11244269280805522,0.12921216765018356,-0.6829618445302551,-0.7240018248538854,0.11244269280805522,0.05002820673640728,0.05529750331017795,-0.15307070710236934,-0.09126810883006557,-0.048975575157459914,0.009285323191203987,0.017872103358142866,0.7449048611513618,0.763157894736842,0.005317361403425307,-0.09127587239822552,0.011881497218625721,True,True
single_split_2018_2020_to_2021_2022,0.1,石家庄,19,19,0.021881034735437677,0.028757906429914167,0.6658333101869415,0.8087719298245614,0.021881034735437677,0.016923943405771427,0.026430163627165885,0.48942270465970145,0.6333333333333333,-0.006587147232660099,0.1144737151961333,0.13035035896946848,-0.6685085683062073,-0.7433085401833224,0.1144737151961333,0.04883681947649789,0.05393587656137837,-0.13884682211436233,-0.11935060385470113,-0.047784187897550526,0.00962885928991562,0.0179712439441185,0.7314911922511452,0.7754385964912281,0.005861781391249032,-0.09259268046069562,0.012252175445522057,True,True
single_split_2018_2020_to_2021_2022,0.1,长春,19,19,0.021355326317391333,0.02848415722215245,0.6765400534420539,0.8456140350877193,0.021355326317391333,0.016255229068269927,0.026179469842352088,0.5135113103005217,0.6333333333333333,-0.005549105993436989,0.10990337947461475,0.12690906923749953,-0.6782538598432531,-0.7494515859699615,0.10990337947461475,0.05076277219081863,0.05588057280848665,-0.15904472480618279,-0.09477842070814503,-0.04971014061187126,0.009491149293533346,0.01794657854318846,0.7408077346943229,0.7649122807017543,0.005523187505754664,-0.08854805315722342,0.011864177023857987,True,True
single_split_2018_2020_to_2021_2022,0.15,__FULL_SAMPLE__,20,20,0.022138440370951598,0.025663745079221992,0.8141864790606382,0.7999999999999999,0.02200772141670323,0.023410048845262363,0.0346253233797779,0.6603463129968848,0.6857142857142857,-0.019030235999220185,0.13588048133551298,0.15129898485506413,-0.7810196877964678,-0.7729323308270677,0.13588048133551298,0.07896027189055066,0.08235260788227176,-0.44069740633887533,-0.5984962406015037,-0.07896027189055066,0.012636925349895082,0.017650828281054857,0.7444931196226324,0.7368421052631579,0.0008907626917549104,-0.11374204096456138,0.009501515021056516,True,True
single_split_2018_2020_to_2021_2022,0.15,上海,19,19,0.02289115821372039,0.02626899390445709,0.7992939969204171,0.7719298245614035,0.022753559314511583,0.02447324728690718,0.03551720184782854,0.6194198527509528,0.6385964912280702,-0.01986291797528383,0.14143331347333526,0.15507297335526576,-0.7508272914665639,-0.7350877192982455,0.14143331347333526,0.07704282012893338,0.08023772580883626,-0.418888305611532,-0.543859649122807,-0.07704282012893338,0.013238075798380317,0.01810722216009776,0.7124590286325805,0.6982456140350877,0.0008736940529696117,-0.11854215525961487,0.009653082415340073,True,True
single_split_2018_2020_to_2021_2022,0.15,丹东,19,19,0.021230770141921648,0.024731657755375832,0.8117398310524151,0.7771929824561404,0.021093171242712844,0.023831860261487474,0.03534881439264285,0.6490560357268614,0.6719298245614035,-0.01922153094986413,0.13102839217219278,0.1461455027377396,-0.7586586996612336,-0.7526315789473684,0.13102839217219278,0.08073477616510313,0.08385198690990334,-0.39462038645461717,-0.5684210526315789,-0.08073477616510313,0.012840346167017905,0.017997204501194786,0.7302873704278595,0.7280701754385965,0.0004759644216072003,-0.10979762203027113,0.008390423974903742,True,True
single_split_2018_2020_to_2021_2022,0.15,保定,19,19,0.022000363297743533,0.02571033409104327,0.7833995698648716,0.7701754385964912,0.021862764398534726,0.02353939978699297,0.035198129522304986,0.6372806529643279,0.6684210526315789,-0.01892907047536962,0.13250576982685577,0.14829338920628693,-0.7916369163854454,-0.7859649122807018,0.13250576982685577,0.08106929204853286,0.08401963893895403,-0.2818904433450343,-0.5491228070175439,-0.08106929204853286,0.012424833701643942,0.017701110584200704,0.7414980716122764,0.7280701754385965,6.045195623323707e-05,-0.11050540652911224,0.00957552959609959,True,True
single_split_2018_2020_to_2021_2022,0.15,北京,19,19,0.022816279735410082,0.02624461652010885,0.8038626499082757,0.7789473684210525,0.02267868083620127,0.024264669973214584,0.035486705627907754,0.6321044170542713,0.6456140350877193,-0.019654340661591232,0.14066568611101396,0.1548863949946077,-0.759327458844885,-0.7421052631578948,0.14066568611101396,0.07728468463874856,0.08057790988639614,-0.4185758655218318,-0.543859649122807,-0.07728468463874856,0.013290135229299505,0.01810929353199041,0.7225726762528849,0.7052631578947368,0.0009495363934899589,-0.11784940637560387,0.009526144506110577,True,True
single_split_2018_2020_to_2021_2022,0.15,南京,19,19,0.022336207049625308,0.025990585056576428,0.8077576480950202,0.7754385964912281,0.0221986081504165,0.024230190558453518,0.03547941795977286,0.6489142385787813,0.6333333333333333,-0.019619861246830166,0.1397492305914433,0.15456851825325896,-0.7725701201985098,-0.7385964912280703,0.1397492305914433,0.07796071270112692,0.08144887530298879,-0.43040027334361486,-0.6245614035087719,-0.07796071270112692,0.012825483212745643,0.017989842106959072,0.733905643221934,0.6929824561403508,0.0004611014673349375,-0.11741302354181801,0.009510723836879665,True,True
single_split_2018_2020_to_2021_2022,0.15,吉林,19,19,0.023234821993502543,0.026328739036035814,0.8517441288516105,0.8175438596491227,0.023234821993502543,0.021491141887341875,0.032762245256061924,0.6660517521862052,0.7228070175438598,-0.016880812575718523,0.13110226105492595,0.1462603803937709,-0.8147017640126409,-0.8035087719298245,0.13110226105492595,0.07944122187309427,0.08295969147539912,-0.44160627606356917,-0.6087719298245614,-0.07944122187309427,0.011898517912170259,0.017044714675530433,0.7588823936100954,0.7614035087719299,0.0023411537106192057,-0.1078674390614234,0.011336304081332285,True,True
single_split_2018_2020_to_2021_2022,0.15,呼和浩特,19,19,0.02193128669508285,0.025641951614428154,0.7999075896314799,0.780701754385965,0.02179368779587404,0.02377809406009726,0.03532461216187915,0.6282939138179409,0.6456140350877193,-0.020895889986726472,0.14013493448161193,0.1547149515429311,-0.7645700759650839,-0.743859649122807,0.14013493448161193,0.07763629592862842,0.0810454510338489,-0.5008105040349644,-0.6964912280701754,-0.07763629592862842,0.0125777389004207,0.017832048000072265,0.7219969293211351,0.7070175438596492,0.00021335715500999452,-0.11820364778652909,0.00935354779466215,True,True
single_split_2018_2020_to_2021_2022,0.15,哈尔滨,19,19,0.021663884840329377,0.025341792492746946,0.7785100630446077,0.780701754385965,0.021526285941120566,0.02354022359524687,0.035198619723835076,0.6298898024670909,0.6684210526315789,-0.018929894283623527,0.1303887454222689,0.14511707503319457,-0.7546402706119405,-0.7473684210526316,0.1303887454222689,0.08107921172199217,0.08402421905612475,-0.5386395174645544,-0.6614035087719298,-0.08107921172199217,0.013081503308622285,0.018083838595041916,0.7066461152738787,0.7157894736842104,0.0007171215632115794,-0.1087248605819395,0.008582381531707092,True,True
single_split_2018_2020_to_2021_2022,0.15,唐山,19,19,0.02141765653082624,0.025014236422325628,0.8261404716160275,0.8122807017543859,0.02128005763161743,0.02319478825817091,0.03496013548019928,0.6622501446146114,0.7,-0.01858445894654756,0.13531278737071542,0.1515388686030484,-0.7869884336521081,-0.7771929824561404,0.13531278737071542,0.0788494090075972,0.08241973321959012,-0.48710485909744594,-0.6210526315789473,-0.0788494090075972,0.012951149491117628,0.01804466729170943,0.7443047122510361,0.7385964912280703,0.0005867677457069218,-0.11389513083988918,0.008466507039708613,True,True
single_split_2018_2020_to_2021_2022,0.15,大连,19,19,0.022231860700071007,0.025912693461560138,0.8035785523241867,0.7754385964912281,0.022094261800862196,0.024376825399354485,0.035506000778732796,0.6392188027889962,0.6385964912280702,-0.020297158647469254,0.1405163121158103,0.1548416585753642,-0.7685492272793412,-0.7473684210526316,0.1405163121158103,0.07775488520566233,0.08119600955010658,-0.42378719824876526,-0.5649122807017544,-0.07775488520566233,0.012643133624440318,0.01788017163613788,0.7287762915658321,0.7017543859649124,0.0002787518790296115,-0.1182844514157393,0.00958872707563069,True,True
single_split_2018_2020_to_2021_2022,0.15,天津,19,19,0.02252411250247022,0.02611029267485541,0.8022759286049892,0.7789473684210525,0.02238651360326141,0.02457690374788037,0.035523693549755035,0.6334021430341826,0.6421052631578947,-0.02009708029894337,0.14057527946432705,0.15485964744658373,-0.7624863041420932,-0.7421052631578948,0.14057527946432705,0.07753358717875773,0.08091215909976784,-0.42271676778558,-0.5456140350877193,-0.07753358717875773,0.012962468110246095,0.018048781080132824,0.7240064668351832,0.7052631578947368,0.0005980863648353901,-0.11805116696185683,0.009561644392224126,True,True
single_split_2018_2020_to_2021_2022,0.15,太原,19,19,0.02246933463914051,0.02607810917598416,0.815727561947433,0.8122807017543859,0.022331735739931698,0.021900928609048104,0.03345506552154993,0.6806301636300035,0.7035087719298245,-0.01729059929742476,0.13445084991838896,0.1506554941720131,-0.8035949644037442,-0.8122807017543859,0.13445084991838896,0.07861403607621392,0.0821814943775487,-0.4390817917695587,-0.6105263157894737,-0.07861403607621392,0.012157861924374685,0.01740907958521891,0.7632472473390316,0.7578947368421053,0.002081809698414779,-0.11198151527924845,0.010311472714765823,True,True
single_split_2018_2020_to_2021_2022,0.15,常州,19,19,0.021778068430139744,0.02547692103133019,0.8122231462395507,0.8070175438596491,0.021640469530930934,0.023988348245094743,0.035410335503502574,0.6867727093885381,0.7105263157894737,-0.020685635801728993,0.13387876753852626,0.15001436942955396,-0.7780732578930535,-0.7929824561403509,0.13387876753852626,0.07987703920470306,0.08330402799781712,-0.41760228077969863,-0.6000000000000001,-0.07987703920470306,0.012539250177616484,0.01780152990551696,0.7512237239558446,0.7543859649122807,0.0001748684322057794,-0.11210069910838652,0.00923881825252326,True,True
single_split_2018_2020_to_2021_2022,0.15,廊坊,19,19,0.023012992203115857,0.0262999542091067,0.8298022491890232,0.8298245614035088,0.022875393303907043,0.02266882052766728,0.0344677624541991,0.668980219679619,0.7087719298245614,-0.018058491216043932,0.13651135902108028,0.1526050943085198,-0.7823231420132982,-0.7543859649122807,0.13651135902108028,0.07848520568073512,0.08204536968891371,-0.4350403095363114,-0.5649122807017544,-0.07848520568073512,0.012603377406037675,0.01785147314632696,0.7524956720299364,0.756140350877193,0.0016362942167517894,-0.11349836681796442,0.010409614797078182,True,True
single_split_2018_2020_to_2021_2022,0.15,张家口,19,19,0.023303621443106947,0.026330446884713664,0.8432183357884258,0.8543859649122807,0.023166022543898133,0.018794203462849275,0.02474350671945461,0.8154521624914027,0.7929824561403509,-0.014183874151225927,0.13328549692237235,0.1493026075055883,-0.8430103402441738,-0.8421052631578947,0.13328549692237235,0.07842327371050672,0.08197848164782658,-0.4340077664244104,-0.5929824561403508,-0.07842327371050672,0.010378050075912948,0.012864915625675606,0.865990810784999,0.8526315789473684,0.0038616215468765163,-0.1099818754792654,0.012925571367194,True,True
single_split_2018_2020_to_2021_2022,0.15,徐州,19,19,0.021051385449199527,0.024431816565207282,0.8330186357673948,0.8210526315789475,0.02091378654999072,0.024266784013572306,0.03548713169937227,0.6649635478774384,0.7,-0.019656454701948958,0.1337343934363527,0.1498455802570887,-0.7811162095042021,-0.7929824561403509,0.1337343934363527,0.08000602068526533,0.08339736488508227,-0.46972682020587325,-0.6192982456140351,-0.08000602068526533,0.012637905814101744,0.01787649643765965,0.7468347711681915,0.743859649122807,0.00027352406869103727,-0.11268300798715318,0.008413479635097783,True,True
single_split_2018_2020_to_2021_2022,0.15,无锡,19,19,0.02097731871357841,0.02429959731662031,0.8353249867358976,0.8175438596491227,0.020839719814369596,0.024185447287879178,0.03546900926834771,0.6855402582010727,0.7280701754385965,-0.020488536758944558,0.13476622866626198,0.15099016196071,-0.802783105052603,-0.8017543859649122,0.13476622866626198,0.08009315533099938,0.08345821689803905,-0.4842068517752841,-0.6403508771929824,-0.08009315533099938,0.01212118997694759,0.017362490250676075,0.7625633560002865,0.7649122807017543,-0.00024319176846311595,-0.11378890995268356,0.00885612873663082,True,True
single_split_2018_2020_to_2021_2022,0.15,沈阳,19,19,0.02240467504901893,0.026037251110270727,0.8143614179034451,0.8035087719298245,0.022267076149810116,0.023409366483719177,0.035116065308008725,0.6609132527712984,0.6947368421052632,-0.01879903717209583,0.13762362581652318,0.15342886015826926,-0.7795034015350853,-0.7543859649122807,0.13762362581652318,0.0784930583469869,0.08205378341962727,-0.4350832523540244,-0.5649122807017544,-0.0784930583469869,0.013302026684100085,0.018109367712734695,0.7432974645910376,0.7280701754385965,0.0009376449386893794,-0.11521895076750426,0.009102648364918845,True,True
single_split_2018_2020_to_2021_2022,0.15,石家庄,19,19,0.021820767554952755,0.02552477572340375,0.8164165634851767,0.8035087719298245,0.021683168655743944,0.024542748442501688,0.035522189493608095,0.6621370000994816,0.6912280701754386,-0.019932419130878343,0.1362020333865183,0.15234779218749778,-0.7809506506061359,-0.7684210526315789,0.1362020333865183,0.07878806295263985,0.0823589380709866,-0.4408435180412199,-0.6017543859649123,-0.07878806295263985,0.013201584739544043,0.018104074564990615,0.7442972255477657,0.7350877192982455,0.0008372029941333371,-0.11438126583156553,0.008619182815408712,True,True
single_split_2018_2020_to_2021_2022,0.15,长春,19,19,0.021672242236076084,0.025352038752794754,0.8099665126776859,0.8,0.02153464333686727,0.02314698501776805,0.034921891081750776,0.6471130307053609,0.6824561403508772,-0.018536655706144704,0.133744159919735,0.1498570876836271,-0.7820286403923091,-0.7929824561403509,0.133744159919735,0.080038689224786,0.08342038736785921,-0.468751650211495,-0.6192982456140351,-0.080038689224786,0.013063874743161763,0.018079590381492518,0.7372440851325692,0.7350877192982455,0.000699492997751058,-0.11207191768365893,0.008608367492914321,True,True
single_split_2018_2020_to_2021_2022,0.2,__FULL_SAMPLE__,20,20,0.03375225588081139,0.03957550217772201,0.6146486881047493,0.6325686795594617,0.03004855217710769,0.03509766165225218,0.05388632004432741,0.2934169023141765,0.436254261765146,-0.02339313613607484,0.1579243410590888,0.17510631095852552,-0.4097450300116424,-0.5718585402558314,0.1579243410590888,0.10090313432369195,0.1060055970488343,0.06440438656353416,-0.2083817236365556,-0.10090313432369195,0.021849403704769562,0.03337149721807606,0.4290066110311117,0.5671305402946898,0.003192137313074823,-0.12417208517827742,0.011902852176041829,True,True
single_split_2018_2020_to_2021_2022,0.2,上海,19,19,0.03517069891444677,0.040573612405440114,0.5801435780882818,0.5783238819135885,0.03127206343686393,0.03655285872524918,0.05525978045843212,0.22151314280566026,0.3492760318689048,-0.024232305550325666,0.16406181836877934,0.179405113304736,-0.349903385863512,-0.5004389815627743,0.16406181836877934,0.09850646660529341,0.10344057814867608,0.11009782831324352,-0.1533727358318955,-0.09850646660529341,0.02284748896722562,0.03423203238569756,0.37025060077408806,0.5019745985653606,0.0035120278936632094,-0.12889111945433257,0.012323209947221147,True,True
single_split_2018_2020_to_2021_2022,0.2,丹东,19,19,0.03117420370564718,0.03589405926631035,0.6565277451539372,0.6537955872922966,0.027275568228064335,0.035580850929173374,0.054965546854813495,0.3073888116662002,0.4607284339979271,-0.025988409900644553,0.1533090940049504,0.17059002076662685,-0.3909304535317006,-0.5677929462793503,0.1533090940049504,0.10392972199305865,0.10830277938662541,0.21943191266224327,-0.13662513824105635,-0.10392972199305865,0.020229289218316994,0.032038671886715844,0.4487047977178316,0.5783238819135885,0.0005900614375856884,-0.12213489029930323,0.010944914487330187,True,True
single_split_2018_2020_to_2021_2022,0.2,保定,19,19,0.03201991847102953,0.037612961797156785,0.4784869244713104,0.5713032581574297,0.028121282993446687,0.035190521037458435,0.05475476362226998,0.2899790004507382,0.42562531521713276,-0.02637873979235949,0.15220106076395315,0.1689181196286915,-0.40234096444013717,-0.5677929462793503,0.15220106076395315,0.10481031683195645,0.10858724869467032,-0.007985948017489862,-0.37978054998444016,-0.10481031683195645,0.020367793373441648,0.03225974885822657,0.37564400373332585,0.5440983411023139,0.0007285655927103404,-0.12018114229292362,0.011652125097587882,True,True
single_split_2018_2020_to_2021_2022,0.2,北京,19,19,0.03503537845898111,0.04054663052636373,0.5843422358036064,0.6028960650601447,0.03113674298139827,0.03656721762550451,0.05526168053409024,0.2315221510720418,0.37911368283258007,-0.024246664450581,0.16381029170393302,0.17934383277997304,-0.35606033615851496,-0.5320456540825285,0.16381029170393302,0.09869081735835258,0.10369811990329424,0.10595488782567776,-0.17805340596576374,-0.09869081735835258,0.02297558941120891,0.03423827677987428,0.3769252742556958,0.5318122495290359,0.0033839274496799215,-0.1287749132449519,0.0120597890477722,True,True
single_split_2018_2020_to_2021_2022,0.2,南京,19,19,0.03422187288758736,0.040202056608620335,0.6015384390682332,0.6134270006943829,0.030323237410004516,0.036845732170589715,0.05528450772319932,0.2663434558659948,0.4010531320705766,-0.0247235286592282,0.16210610506484624,0.1787510371529411,-0.38798228473025936,-0.5408252853380158,0.16210610506484624,0.09966090008721534,0.10494161069827962,0.07883223794563925,-0.1912751935374789,-0.09966090008721534,0.022416930300265748,0.03414417678500467,0.4074686509437086,0.5335674054680757,0.0027777025195344397,-0.1278842321772589,0.01180494258732161,True,True
single_split_2018_2020_to_2021_2022,0.2,吉林,19,19,0.035241609061141176,0.04058432117940044,0.6479661413500857,0.6379991838409391,0.03134297358355834,0.03302146202629415,0.052574601114689354,0.299913465564894,0.46336116790648674,-0.020700908851370645,0.15465720111483033,0.17241998949170548,-0.4188046673852698,-0.6040386303775241,0.15465720111483033,0.10095066770914943,0.10631228381607316,0.06295406843989065,-0.2320881138793801,-0.10095066770914943,0.02142042495238902,0.033539557580738,0.44201146684174386,0.5967530192735057,0.004939091908499813,-0.11941559205368915,0.013821184108752157,True,True
single_split_2018_2020_to_2021_2022,0.2,呼和浩特,19,19,0.03418985540678009,0.040182034793220224,0.6103371793144353,0.6248355142981411,0.030291219929197245,0.035555904889080815,0.05495367559090702,0.29003851886529697,0.4028082880096163,-0.023235351714157304,0.16044184621381632,0.17787106667575378,-0.4020157937425439,-0.5425812115891132,0.16044184621381632,0.10014929975766562,0.10549799277053991,0.07014218844658887,-0.20714133862353704,-0.10014929975766562,0.022757943059583608,0.03422225694031474,0.42243209140540283,0.5449759190718338,0.0031187152788523,-0.12625199080703625,0.011431912347196479,True,True
single_split_2018_2020_to_2021_2022,0.2,哈尔滨,19,19,0.033192854285479446,0.039306316884305824,0.5553912639087062,0.5835893497307078,0.02929421880789661,0.035932445614477955,0.0551097739817258,0.2422387500561975,0.4168495355219341,-0.023611892439554444,0.15124055895076094,0.16734256719155668,-0.33810598573460854,-0.5443371378402106,0.15124055895076094,0.10338375280425144,0.1080575797928565,0.06664866207707414,-0.17100178592751566,-0.10338375280425144,0.022509991679338787,0.034171917840993084,0.3609896256266078,0.5423431851632742,0.0028707638986074755,-0.1180477046652815,0.01068286260614066,True,True
single_split_2018_2020_to_2021_2022,0.2,唐山,19,19,0.03412518162892427,0.040140081255828956,0.6145649491348976,0.6309785600847803,0.030226546151341425,0.03337233921927661,0.053047734171811405,0.30573094684588253,0.46248358993696687,-0.021051786044353107,0.15570983269377772,0.173697317306508,-0.4237379277908392,-0.6145741878841088,0.15570983269377772,0.10059979051616696,0.1059706896755242,0.06931927136446116,-0.22329689744455508,-0.10059979051616696,0.021946740741862696,0.03392959935197178,0.43854211879154237,0.5932427073954262,0.004412776119026129,-0.12158465106485344,0.012178440887061576,True,True
single_split_2018_2020_to_2021_2022,0.2,大连,19,19,0.03419158142956992,0.040183126759731666,0.5931061919069652,0.6099166888163036,0.030292945951987078,0.03619522974093994,0.05518954038189285,0.24619100031506622,0.3878894625277787,-0.02537403108887798,0.16312138129213247,0.17914152918552953,-0.3751788281964171,-0.533801580333626,0.16312138129213247,0.09934057751651523,0.10455155777664212,0.09120611726796585,-0.16835742841317267,-0.09934057751651523,0.022280579892090323,0.034094776069189245,0.39411922827795565,0.5388328732851948,0.0026413521113590136,-0.12892979986256253,0.011911001537479596,True,True
single_split_2018_2020_to_2021_2022,0.2,天津,19,19,0.03459225396221069,0.04039791669059907,0.5952068585148428,0.6028960650601447,0.03069361848462785,0.03687887372519041,0.055285448573871535,0.2530053846088925,0.39578766425345746,-0.024558320550266903,0.16310022518354103,0.17913451625379403,-0.3735817704593672,-0.533801580333626,0.16310022518354103,0.09925087743650388,0.10443872453841799,0.09583432400127555,-0.15120892267899005,-0.09925087743650388,0.022599891645687726,0.03419412569986464,0.39505836633749597,0.5318122495290359,0.00296066386495642,-0.12850797122133034,0.011992362316522964,True,True
single_split_2018_2020_to_2021_2022,0.2,太原,19,19,0.033240360881403294,0.03935937545245272,0.6187021421771786,0.6421052631578947,0.02934172540382045,0.0339339471083565,0.05370579076143022,0.28308076434991647,0.4508771929824561,-0.021613393933432992,0.1559386656457228,0.17395774284112142,-0.4046438644946681,-0.5730584140964694,0.1559386656457228,0.1015936385578212,0.10687862761652142,0.07804763531499405,-0.17180783450744305,-0.1015936385578212,0.022999372320810067,0.03423843372241597,0.4237209913329725,0.5736842105263157,0.00336014454007876,-0.12269830476431952,0.010240988560593228,True,True
single_split_2018_2020_to_2021_2022,0.2,常州,19,19,0.032429910843264464,0.03829107942622112,0.6502160232131458,0.6578947368421053,0.028531275365681622,0.034751924546230356,0.054453552707684316,0.3274677348197038,0.47719298245614034,-0.026817336283587557,0.1586083834184154,0.17655182808334255,-0.4216437708297709,-0.5835893497307078,0.1586083834184154,0.10151556451322642,0.10681394099750659,0.06394933796588315,-0.1753320977793906,-0.10151556451322642,0.02109243105460107,0.03321412754990904,0.4505299978163053,0.5912280701754385,0.0014532032738697603,-0.12617847257515094,0.011337479788663396,True,True
single_split_2018_2020_to_2021_2022,0.2,廊坊,19,19,0.035488231897463474,0.0406032255232255,0.6335353083549836,0.6906538620121309,0.031589596419880635,0.03356612857287114,0.05328843159314244,0.3128148406003544,0.46423874587600655,-0.021245575397947625,0.15971542188800222,0.17739262545580256,-0.4109080188398644,-0.5715539947322212,0.15971542188800222,0.099544713321261,0.10480244923443333,0.06183024170117976,-0.27501318149167475,-0.099544713321261,0.02183495685737271,0.033860137916227134,0.43540875191828665,0.550241386888953,0.004524560003516118,-0.12422718999053875,0.013653275040090763,True,True
single_split_2018_2020_to_2021_2022,0.2,张家口,19,19,0.03357937266206267,0.039704610192278375,0.7791403285340852,0.7959632183545141,0.03357937266206267,0.0271983183084136,0.035378522287966244,0.6064858239748795,0.6441422296275782,-0.014877765133490095,0.15259092431171142,0.1695239525442717,-0.7640731354200365,-0.8007023705004389,0.15259092431171142,0.09906632722831772,0.10420158133213062,-0.4349995500174683,-0.3860761970940818,-0.09906632722831772,0.0171514191044358,0.022858209994816536,0.7544309087203266,0.7968407963240342,0.009208097756453029,-0.11901155164964874,0.01642795355762687,True,True
single_split_2018_2020_to_2021_2022,0.2,徐州,19,19,0.03303823713836032,0.039125544497280736,0.6091895149043473,0.6186924685115022,0.029139601660777475,0.035636588888473986,0.05499128514627155,0.2766514510438548,0.42913562709521214,-0.023316035713550468,0.1551121239107792,0.17298811134376296,-0.3982846687134436,-0.5601404741000877,0.1551121239107792,0.10221600651816283,0.10735431471655742,0.05608000389762794,-0.17717195346098275,-0.10221600651816283,0.022335251450811732,0.034115836054461446,0.4165889491351797,0.5598947445536715,0.002696023670080424,-0.12207388677241887,0.01070298568754859,True,True
single_split_2018_2020_to_2021_2022,0.2,无锡,19,19,0.033247920462015544,0.039367711452979647,0.6139625796601562,0.6222027803895817,0.029349284984432705,0.03632613309519703,0.05522036698246962,0.292401335968286,0.4414217186684902,-0.024005579920273513,0.15746421865868998,0.17553926311021958,-0.41718771568769897,-0.5873573309920983,0.15746421865868998,0.10180359034007476,0.10704701842228867,0.0643775054608784,-0.18334212099444983,-0.10180359034007476,0.02192302660086717,0.03391546051134088,0.4322782898125231,0.5590171665841516,0.002283798820135861,-0.12421629819667443,0.011324893861148374,True,True
single_split_2018_2020_to_2021_2022,0.2,沈阳,19,19,0.033799642251350355,0.03989800096805106,0.613618920340901,0.6248355142981411,0.029901006773767513,0.03658530372820008,0.05526397285495598,0.28905495144148013,0.4028082880096163,-0.02426475055327658,0.16042407228047448,0.17786004844096281,-0.40645021922286106,-0.5425812115891132,0.16042407228047448,0.10043845180612392,0.10580582957516686,0.06883218013170875,-0.20714133862353704,-0.10043845180612392,0.022243499574258252,0.034079536604737684,0.4259034718606899,0.5449759190718338,0.002604271793526945,-0.12662443002912413,0.011556142677092103,True,True
single_split_2018_2020_to_2021_2022,0.2,石家庄,19,19,0.034009245242576015,0.04005979862178625,0.6144787789492889,0.6309785600847803,0.030110609764993176,0.035893275490834854,0.055095834902552786,0.2929881770136017,0.41333922364385467,-0.02357272231591134,0.15840167680787975,0.17637976418841433,-0.40944657719424693,-0.5610184372256366,0.15840167680787975,0.10069354399840998,0.10606422963747737,0.06727142861261243,-0.19039374103269788,-0.10069354399840998,0.022949151348532048,0.03423773390557846,0.42899740970551586,0.5484862309499133,0.00330992356780074,-0.12439243156530375,0.011060093894043967,True,True
single_split_2018_2020_to_2021_2022,0.2,长春,19,19,0.03305678802593407,0.039147890085390005,0.6157804746188855,0.6379991838409391,0.029158152548351232,0.036368177603230925,0.05522901368210002,0.2913121370854375,0.4414217186684902,-0.024047624428307417,0.1564719189047803,0.17454099172232226,-0.4096424878037661,-0.5645302897278315,0.1564719189047803,0.10191766157431234,0.10713512028112854,0.05452384510350122,-0.203615528604413,-0.10191766157431234,0.022106302542291373,0.03401641434377683,0.4269451219886509,0.5642826344012708,0.002467074761560067,-0.12341513087884623,0.010950485483642698,True,True
single_split_2018_2020_to_2021_2022,0.25,__FULL_SAMPLE__,20,20,0.03745041418413923,0.04297725915325979,0.4701290071616553,0.535539714442731,0.029927658162203098,0.038165892341878574,0.06982219716210612,0.19425545185221715,0.5084618637124805,-0.03321560877981404,0.16873823322901077,0.18486742559394947,-0.36779119423192963,-0.5317789018413073,0.16873823322901077,0.12588982391267686,0.13074954144340586,-0.16205353729378338,-0.12851013765638994,-0.12588982391267686,0.023258741397021075,0.03941652559939021,0.29228722064969126,0.5534236267870579,3.2872516588929036e-05,-0.13128781904487152,0.014191672787118158,True,True
single_split_2018_2020_to_2021_2022,0.25,上海,19,19,0.03885888517296487,0.04402548987507548,0.43439750013407247,0.5142606901386387,0.030940194623558407,0.03964842465927924,0.07159933429553775,0.13869434036048153,0.46687147978456617,-0.03443759985710605,0.17488529250812287,0.1892952456753264,-0.311126729246581,-0.48705577308352305,0.17488529250812287,0.12371836040178179,0.12854868447635823,-0.1240150917029407,-0.057760702553035295,-0.12371836040178179,0.024466897959644865,0.04044044193387507,0.23456727989841725,0.5122914837576821,1.86149276110349e-05,-0.136026407335158,0.014391987213320002,True,True
single_split_2018_2020_to_2021_2022,0.25,丹东,19,19,0.03484161788542819,0.03931575494242473,0.46639898900463667,0.5318122495290359,0.026922927336021724,0.04015307842696974,0.07163600122474144,0.15009276041856204,0.49846428668728116,-0.03494225362479656,0.1628454163260132,0.1784031251200391,-0.32468778882231225,-0.5046073324739202,0.1628454163260132,0.12969692306694763,0.1335823657123382,0.04608634530856149,0.01018640490164286,-0.12969692306694763,0.021712802578581738,0.03859585927071684,0.2738870763486073,0.5526777875329236,-0.002735480453452097,-0.12800379844058501,0.01312881530684645,True,True
single_split_2018_2020_to_2021_2022,0.25,保定,19,19,0.03821534826400621,0.0437791842362374,0.4496294738347484,0.4912280701754386,0.030296657714599745,0.03738953579846867,0.07059991453691312,0.17219215105143665,0.5017543859649122,-0.03217871099629549,0.16358410515334468,0.17953275464288398,-0.34043930217186136,-0.512280701754386,0.16358410515334468,0.1274863643525254,0.13234285369442333,-0.08507412416486207,-0.04869621660870206,-0.1274863643525254,0.024482885681074807,0.04044050197938466,0.2727610847891539,0.5403508771929825,3.460264904097793e-05,-0.12536875688933846,0.013732462582931402,True,True
single_split_2018_2020_to_2021_2022,0.25,北京,19,19,0.03885589546338272,0.04402476203362401,0.4305276229903499,0.5089952223215196,0.03093720491397626,0.039706082635324276,0.0716069438705988,0.13446467965779085,0.45985085602840736,-0.034495257833151084,0.17519333609332455,0.1893749962560527,-0.3055069563199755,-0.48705577308352305,0.17519333609332455,0.12365498453200667,0.1284659554673651,-0.12417139382602081,-0.09876383882897206,-0.12365498453200667,0.024381808315269878,0.04043810188795873,0.22795225691308266,0.5122914837576821,-6.647471676395432e-05,-0.13633744062994183,0.014474087148112845,True,True
single_split_2018_2020_to_2021_2022,0.25,南京,19,19,0.037252048363340694,0.043067792370510775,0.4672433302272722,0.5353225614071154,0.029333357813934237,0.03922515853274939,0.07151641279944944,0.17901229911765001,0.4879333510530428,-0.03591326370061126,0.17264196106071875,0.18842509428008403,-0.35912243912627234,-0.49934186465680114,0.17264196106071875,0.12514915614558433,0.13024659751720105,-0.15481830925710477,-0.1306517150428106,-0.12514915614558433,0.023265052365391236,0.04009058441372022,0.2806615117716454,0.5316066725197541,-0.0011832306666425957,-0.13538991269737805,0.013986995997949458,True,True
single_split_2018_2020_to_2021_2022,0.25,吉林,19,19,0.037657106148746546,0.043417851449781275,0.4512871052023621,0.5157894736842105,0.02973841559934009,0.03596842901917475,0.06925009833970791,0.15909653660465203,0.4929824561403509,-0.03075760421700157,0.16463673673229204,0.18103138088976445,-0.34579768687639756,-0.512280701754386,0.16463673673229204,0.12712145207182363,0.13206953499608076,-0.16660910349065228,-0.0938089831161345,-0.12712145207182363,0.023956569891601123,0.040375376684928625,0.2652930039858778,0.5362001393766352,0.0005609184385146634,-0.1269796305835455,0.013700536257145422,True,True
single_split_2018_2020_to_2021_2022,0.25,呼和浩特,19,19,0.03690778395387849,0.042710679898970094,0.47534874567871405,0.5440983411023139,0.028989093404472036,0.03976277360155706,0.07161356508639136,0.1828609296452082,0.47564725947976483,-0.03537564863180357,0.1703763150358491,0.1870239924189564,-0.363867083323032,-0.5151382681081585,0.1703763150358491,0.12536575407054293,0.13047572941113328,-0.17593753390576625,-0.16165381691737582,-0.12536575407054293,0.02375859789739543,0.04031707996949256,0.28385685543785777,0.5298507462686567,-0.000689685134638399,-0.1334685310819706,0.013149186056483058,True,True
single_split_2018_2020_to_2021_2022,0.25,哈尔滨,19,19,0.036076540443071264,0.04161337286972311,0.35353338168764115,0.4686266357236059,0.028157849893664794,0.04004448643556496,0.0716338168294546,0.15580315744418288,0.49846428668728116,-0.03509393579779568,0.16085941633633008,0.17503653323448168,-0.25701456749764306,-0.4923212409006421,0.16085941633633008,0.12937324868256234,0.13344507921917242,-0.23438456337804972,-0.13242326372135718,-0.12937324868256234,0.023159745428208006,0.04002712702528428,0.18167856002949095,0.5210711150131694,-0.0012885376038258268,-0.12478287589325882,0.012916795014863258,True,True
single_split_2018_2020_to_2021_2022,0.25,唐山,19,19,0.03905631642514982,0.04406499772982798,0.4876861904542737,0.5440983411023139,0.031137625875743355,0.034773713836155476,0.06765721549627512,0.21604511029455997,0.5537516987670325,-0.029562889033982288,0.16779463146913418,0.1847722433686579,-0.3784274532793433,-0.5467310750108735,0.16779463146913418,0.12536706610691137,0.13047709532889296,-0.16136897867561106,-0.15671205043098058,-0.12536706610691137,0.02272849971616252,0.03971088853426566,0.30871920727870966,0.5853445056697474,0.0017889886139532626,-0.12873831504398436,0.016327816708987298,True,True
single_split_2018_2020_to_2021_2022,0.25,大连,19,19,0.037973812015917485,0.04363986830406355,0.4504342120869425,0.5283019376509565,0.030055121466511032,0.03988228855355028,0.07162472866408781,0.16251715920672097,0.4826678832359237,-0.03525613367981037,0.1733064383003244,0.1887360666648574,-0.3429559013576449,-0.49934186465680114,0.1733064383003244,0.12455398722224657,0.12957948601290897,-0.1416380026359758,-0.0969922901504255,-0.12455398722224657,0.023923824903181675,0.04036701339250185,0.26462278070434725,0.5298507462686567,-0.000524458128852158,-0.13533262628440693,0.01404998711273581,True,True
single_split_2018_2020_to_2021_2022,0.25,天津,19,19,0.0383482079493552,0.0438448513786026,0.4485598267723161,0.5247916257728771,0.030429517399948744,0.04011577457080986,0.0716356035105894,0.15692506803530282,0.4826678832359237,-0.03502264766255079,0.17382412645898068,0.18894722013182275,-0.3351688253733883,-0.49934186465680114,0.17382412645898068,0.12434247965479352,0.12932905094113525,-0.1361218145025197,-0.10230693618606525,-0.12434247965479352,0.02408340500595247,0.0404029960393841,0.25829890702725494,0.5298507462686567,-0.0003648780260813649,-0.13547591850962548,0.014264802943402731,True,True
single_split_2018_2020_to_2021_2022,0.25,太原,19,19,0.03575390297904553,0.04109361489619531,0.4910353560083667,0.5616499004927112,0.02783521242963907,0.03939392764735119,0.07155519028204292,0.1809774672282036,0.49846428668728116,-0.03418310284517802,0.16674962765525164,0.1836570133042955,-0.38024407832591767,-0.5432207631327941,0.16674962765525164,0.12779592448473998,0.13255930967975466,-0.21445146184042607,-0.24030215947636818,-0.12779592448473998,0.022766638541486705,0.039742541686533746,0.2917295318285619,0.5438981562774363,-0.001681644490547123,-0.13099572467620613,0.012987264437558824,True,True
single_split_2018_2020_to_2021_2022,0.25,常州,19,19,0.03770524147529531,0.043454494682667114,0.4643104801062654,0.5142606901386387,0.029786550925888847,0.039411847011283314,0.07155886219833953,0.1801375851582786,0.47564725947976483,-0.03572657522207732,0.16922865130132334,0.18611039057183432,-0.3702667092885437,-0.5449759190718338,0.16922865130132334,0.12541846618871635,0.13053039781878994,-0.20286448381069802,-0.14925297616754973,-0.12541846618871635,0.02410149742783301,0.04040631779004503,0.2841478591955544,0.5333625987708516,-0.0003467856042008166,-0.13152340982602803,0.013603744047462299,True,True
single_split_2018_2020_to_2021_2022,0.25,廊坊,19,19,0.03887344938306516,0.04402898018092243,0.49863447135577643,0.5897323955173468,0.03205083729729519,0.03592731947117552,0.06920240783006996,0.21150304757541358,0.5476086529803934,-0.030716494669002333,0.1706327000920188,0.18720921318685405,-0.3776623799103179,-0.5519965428279927,0.1706327000920188,0.12398651846296921,0.1288915900419829,-0.15068743551370534,-0.14482410447118327,-0.12398651846296921,0.022386937846887573,0.03939501556282934,0.3085613003671151,0.5807726075504829,0.002130550483228215,-0.13175925070895364,0.016486511536177587,True,True
single_split_2018_2020_to_2021_2022,0.25,张家口,19,19,0.036010182571998416,0.041510896392615244,0.7224351121690368,0.734532760488124,0.034914104108361925,0.026529399346226955,0.039925866051458196,0.6857237221694981,0.7599825216041999,-0.02131857454405377,0.16592328643989437,0.18268992782787163,-0.7794838958714877,-0.7871874386593156,0.16592328643989437,0.12240803065820727,0.1267047944632062,-0.3268771199249012,-0.24668815348761186,-0.12240803065820727,0.016685614725909122,0.021915358717745786,0.7674978110697308,0.8125548726953468,0.007831873604206667,-0.12991310386789595,0.019324567846089293,True,True
single_split_2018_2020_to_2021_2022,0.25,徐州,19,19,0.03713966846250456,0.04295730820031028,0.4496231504772333,0.5177710020167181,0.029220977913098103,0.03796417329916045,0.07098513772536587,0.17010772107943814,0.5037297545044003,-0.032753348496987265,0.16599707764767196,0.18277938167198726,-0.3579139184168521,-0.5186485799862379,0.16599707764767196,0.12740009265388028,0.13228001372272488,-0.17751077678235225,-0.10407848486461184,-0.12740009265388028,0.023984795028576058,0.040382179345357136,0.27200501745736005,0.5474100087796312,-0.0004634880034577752,-0.12885740918516742,0.013154873433928505,True,True
single_split_2018_2020_to_2021_2022,0.25,无锡,19,19,0.037339890619157975,0.04315008383148674,0.47038397392636666,0.5247916257728771,0.029421200069751522,0.03908176439166679,0.07147750003167753,0.1952272466387961,0.4931988188701621,-0.033870939589493596,0.1688472630480815,0.18577597192330322,-0.3730179659255379,-0.5326898274985559,0.1688472630480815,0.1263583841455978,0.13143396412544622,-0.17707631416405048,-0.1653455225754827,-0.1263583841455978,0.023892467327498564,0.040358529675052095,0.29324852015176245,0.5430201931518875,-0.0005558157045352697,-0.13150737242892352,0.013447423291659412,True,True
single_split_2018_2020_to_2021_2022,0.25,沈阳,19,19,0.037395035296857594,0.043199929870453124,0.47247026368608147,0.5160158460776784,0.02947634474745113,0.040086724834453316,0.07163503817062522,0.19467131791543477,0.4931988188701621,-0.034875900032280124,0.17124205370570716,0.18762198664603963,-0.3728074690923164,-0.5291795156204764,0.17124205370570716,0.12571466772855233,0.1308296630890858,-0.1627727216080721,-0.1653455225754827,-0.12571466772855233,0.02347384467364827,0.04020061055513854,0.29421747514405483,0.5465320456540824,-0.000974438358385564,-0.13384701840884958,0.013921190623209324,True,True
single_split_2018_2020_to_2021_2022,0.25,石家庄,19,19,0.037679942358749434,0.04343536583110422,0.4704573928626428,0.5160158460776784,0.02976125180934297,0.03891444165022096,0.07142515231102016,0.19463313598192586,0.4931988188701621,-0.03370361684804777,0.16857941786259872,0.1855318488446912,-0.3677530712201946,-0.5291795156204764,0.16857941786259872,0.12586132529176916,0.13097287359011703,-0.16593034608254736,-0.1653455225754827,-0.12586132529176916,0.024432664708796792,0.04043990949012548,0.2921937590506802,0.5430201931518875,8.482362131899912e-05,-0.13089947550384928,0.013247277649952642,True,True
single_split_2018_2020_to_2021_2022,0.25,长春,19,19,0.0370674084508692,0.042883161191908284,0.4629666300972504,0.5089952223215196,0.02914871790146274,0.03933850311642912,0.0715432920818845,0.1932188046456764,0.4931988188701621,-0.034127678314255935,0.16761681135323353,0.18459088537358742,-0.37298320350951925,-0.5326898274985559,0.16761681135323353,0.1270232923313793,0.13199264539079156,-0.18310061444333153,-0.11205045391807146,-0.1270232923313793,0.02353027791732154,0.04022676261974008,0.2905167661662677,0.525460930640913,-0.0009180051147122961,-0.13054940290236433,0.013537130533547659,True,True
single_split_2018_2020_to_2021_2022,0.3,__FULL_SAMPLE__,20,20,0.0346808872303385,0.03935912863054138,0.7039910820403131,0.7037593984962407,0.031800228794124516,0.04420872729779428,0.06704637520895854,0.3955094395075641,0.4781954887218045,-0.03758843744272182,0.1773941093290251,0.1922626631125696,-0.6078468964164281,-0.6481203007518795,0.1773941093290251,0.14309922951290496,0.14672943554115297,-0.026112369062691803,-0.03762228303563567,-0.14309922951290496,0.01975633982881198,0.030422326487794235,0.5584525312688036,0.6360902255639098,-0.0004334244838048396,-0.14271322209868662,0.01492454740152652,True,True
single_split_2018_2020_to_2021_2022,0.3,上海,19,19,0.035740532287728805,0.04024346076943943,0.6689995091897999,0.6561403508771929,0.032708260249608816,0.04637170761104943,0.06878442426138023,0.3290545216568021,0.3929824561403509,-0.03940298144781527,0.18393279014873398,0.19687997075275152,-0.5565485631205059,-0.5894736842105263,0.18393279014873398,0.14067873184965685,0.14415562026872059,0.0013264090281089166,-0.007023707711394892,-0.14067873184965685,0.02067623927749857,0.031208271975427082,0.5038959821800698,0.5771929824561403,-0.0005761442094665033,-0.14819225786100518,0.015064293010230236,True,True
single_split_2018_2020_to_2021_2022,0.3,丹东,19,19,0.03403051894948849,0.038913032282270665,0.6309846957458686,0.6561403508771929,0.0309982469113685,0.04354684593133893,0.06754330079747389,0.3136181825618134,0.41754385964912283,-0.03657811976810476,0.17288022588650845,0.18779139532168213,-0.6148482328636484,-0.6438596491228071,0.17288022588650845,0.14607876000305464,0.1492278979419837,-0.1616365393750463,-0.16154527736208252,-0.14607876000305464,0.019872786154058776,0.03095206137783736,0.5048318721392013,0.6000000000000001,-0.0013795973329062945,-0.13884970693701995,0.014157732795429714,True,True
single_split_2018_2020_to_2021_2022,0.3,保定,19,19,0.033348302347724734,0.037963153972399445,0.7107691530807354,0.6894736842105263,0.03031603030960475,0.04337760768188871,0.06739683288404932,0.4824042490730833,0.6052631578947367,-0.04272467099233875,0.17444993964458788,0.1898550954500084,-0.6039175951501285,-0.6456140350877193,0.17444993964458788,0.14484129422411052,0.14841097722992896,-0.05108144315813201,-0.1360245852755785,-0.14484129422411052,0.019041761223310857,0.03026135964827947,0.5752346435573601,0.6438596491228071,-0.0022106222636542154,-0.14110163729686315,0.014306541124413878,True,True
single_split_2018_2020_to_2021_2022,0.3,北京,19,19,0.03595924123968566,0.04031117327136349,0.6726388237676677,0.6561403508771929,0.032926969201565674,0.04604629494924708,0.06875506971849583,0.3320761895205129,0.3929824561403509,-0.03907756878601291,0.18411452134284617,0.19692744030617418,-0.5532858354317189,-0.5894736842105263,0.18411452134284617,0.1406117416881092,0.14406742666536768,0.0049142172433315826,-0.007023707711394892,-0.1406117416881092,0.020772364278621974,0.03121247623975494,0.5029160837061895,0.5771929824561403,-0.0004800192083430983,-0.1481552801031605,0.015186876961063689,True,True
single_split_2018_2020_to_2021_2022,0.3,南京,19,19,0.0344252821749771,0.03934972443848278,0.7058285121509335,0.7140350877192982,0.03139301013685711,0.04648868145445466,0.06878782679486087,0.388046878903417,0.48245614035087714,-0.03951995529122049,0.18080032264434073,0.1955562563925166,-0.6078271589611727,-0.6561403508771929,0.18080032264434073,0.14244163523022343,0.14624802317035066,-0.016373835411854713,-0.0386303924126719,-0.14244163523022343,0.019790110970919313,0.03090306378639903,0.5556506525112521,0.6385964912280702,-0.001462272516045757,-0.14637504046936364,0.014635171204057783,True,True
single_split_2018_2020_to_2021_2022,0.3,吉林,19,19,0.03465112462079872,0.03956374806147479,0.7007228777924133,0.712280701754386,0.031618852582678734,0.04258126900911983,0.06659371961164962,0.38577803908980657,0.47543859649122805,-0.03561254284588566,0.17444993964458788,0.18985509545000837,-0.6033196321697788,-0.6666666666666666,0.17444993964458788,0.14378866264516313,0.14755740097804354,-0.03589066458520981,-0.0816147511653471,-0.14378866264516313,0.02026983139874945,0.031128222917981084,0.5526149872601608,0.6456140350877193,7.00794907317483e-05,-0.13979881502378916,0.014381293222049275,True,True
single_split_2018_2020_to_2021_2022,0.3,呼和浩特,19,19,0.036039433846195686,0.040330326718853074,0.7016419774447931,0.6736842105263158,0.0330071618080757,0.04350958901135918,0.06751177586156124,0.39549487017423446,0.46842105263157896,-0.036540862848125015,0.17948776356218002,0.19471447824067814,-0.616863420004169,-0.6245614035087719,0.17948776356218002,0.1414520260870141,0.14512726670265547,-0.0729570627425122,-0.114135250310167,-0.1414520260870141,0.01958900088209083,0.03076593210098617,0.5586131572239859,0.6070175438596491,0.0007509100073903684,-0.14344832971598434,0.016450432964104856,True,True
single_split_2018_2020_to_2021_2022,0.3,哈尔滨,19,19,0.03304464834221834,0.0374567840253965,0.621990143357093,0.6561403508771929,0.030012376304098348,0.04477131541490841,0.06835694556595062,0.31687841422281515,0.41754385964912283,-0.03780258925167425,0.16820667785883855,0.17997457338431516,-0.48421032491239374,-0.6140350877192983,0.16820667785883855,0.14689377960879033,0.1496573543737156,0.015250962300737407,0.05618966169115914,-0.14689377960879033,0.01991405368631193,0.03097492098375869,0.4560741974184478,0.6000000000000001,-0.0013383298006531409,-0.1351620295166202,0.013130594655906411,True,True
single_split_2018_2020_to_2021_2022,0.3,唐山,19,19,0.03551606396776361,0.04015031550999089,0.7021248995136423,0.7,0.032483791929643624,0.042069076887862975,0.06597557565931521,0.4166947300540107,0.5140350877192983,-0.03510035072462881,0.17690607999546504,0.1925526842599194,-0.6382740445107148,-0.7298245614035088,0.17690607999546504,0.14224714217732687,0.14603849437752806,-0.13955869650830338,-0.08077263868104126,-0.14224714217732687,0.01939263841629331,0.03060722985409598,0.5711242261146906,0.6807017543859648,0.0009472724731878899,-0.14139001602770143,0.016123425551470304,True,True
single_split_2018_2020_to_2021_2022,0.3,大连,19,19,0.03486453597726835,0.03974253101036118,0.6952699193041629,0.7070175438596492,0.03183226393914836,0.04649949100498037,0.06878795045205602,0.3743512479984448,0.4666666666666667,-0.039530764841746203,0.18125983235816237,0.19581059487345348,-0.5948900338827265,-0.6350877192982456,0.18125983235816237,0.14192460518733718,0.14567948431555122,-0.01853606517439515,-0.021071123134184674,-0.14192460518733718,0.020257052866683323,0.031124067678622067,0.5435545676984543,0.6228070175438596,-0.0009953306202817459,-0.14639529638089402,0.014607483110585028,True,True
single_split_2018_2020_to_2021_2022,0.3,天津,19,19,0.035507220209154707,0.040146153023522424,0.6908228614289798,0.6736842105263158,0.03247494817103472,0.04625199145397531,0.06877702796817702,0.36311967616554647,0.4263157894736842,-0.03928326529074114,0.1820167694325302,0.19618425817315402,-0.5851986004605709,-0.5982456140350877,0.1820167694325302,0.1414916506582793,0.1451747720835664,-0.00978109762098064,-0.021071123134184674,-0.1414916506582793,0.0206363549181742,0.031204875934771465,0.5350322008517785,0.5824561403508772,-0.0006160285687908735,-0.1465095492233755,0.014870865290980508,True,True
single_split_2018_2020_to_2021_2022,0.3,太原,19,19,0.0330593864295182,0.03748259827705723,0.7344122903534819,0.736842105263158,0.03002711439139821,0.045401072794598686,0.06861016751284707,0.39502771544815296,0.4666666666666667,-0.038432346631364515,0.1747169114218571,0.1901793624267807,-0.6016099675902785,-0.6456140350877193,0.1747169114218571,0.14463633949323795,0.14825629834566253,0.046598172232407024,0.04036858659791362,-0.14463633949323795,0.01965198242849773,0.030811625613974138,0.5625239015263107,0.6438596491228071,-0.0016004010584673419,-0.1416575249923389,0.013407404001020473,True,True
single_split_2018_2020_to_2021_2022,0.3,常州,19,19,0.033657989609357085,0.038425789687756055,0.7186371846989072,0.7210526315789473,0.030625717571237093,0.046209034073955844,0.06877340850203904,0.412757889345295,0.5157894736842105,-0.03989324460027163,0.17605177030820343,0.19168653285158727,-0.6075447481259588,-0.6561403508771929,0.17605177030820343,0.14406425711337525,0.14779512187898156,0.016323737978923676,0.00702062375615889,-0.14406425711337525,0.01965198242849773,0.030811625613974138,0.5675544728179346,0.6561403508771929,-0.0016004010584673419,-0.14239378069884634,0.014006007180859356,True,True
single_split_2018_2020_to_2021_2022,0.3,廊坊,19,19,0.036296625848478016,0.040371280160353025,0.7186181862758423,0.7526315789473684,0.03326435381035803,0.04253802920421103,0.06654465205481008,0.4118884230169613,0.5017543859649122,-0.03556930304097686,0.17927838243297475,0.1945643010270004,-0.6124453296698429,-0.6175438596491227,0.17927838243297475,0.14165549473439237,0.1453688592003784,-0.02555805931031849,-0.0456541001240668,-0.14165549473439237,0.01939884863209831,0.030612628081924585,0.5675073111965999,0.6456140350877193,0.0009410622573828896,-0.14298175658449674,0.016897777216379705,True,True
single_split_2018_2020_to_2021_2022,0.3,张家口,19,19,0.03499006106550685,0.03983716912137587,0.8655922441453283,0.8122807017543859,0.03499006106550685,0.03440641426625085,0.04400711258659256,0.6798838783539093,0.6000000000000001,-0.027437688103016687,0.17308541722743387,0.18807658980642752,-0.8160526928204697,-0.7842105263157895,0.17308541722743387,0.14160614874724964,0.1453108013829684,0.07070238382528019,0.036874465484823184,-0.14160614874724964,0.014948193971848866,0.0180126855390616,0.8513531917195025,0.7754385964912281,0.005391716917632331,-0.13809535616192703,0.02004186709365799,True,True
single_split_2018_2020_to_2021_2022,0.3,徐州,19,19,0.03437980280808125,0.039303501675808615,0.6932419041608683,0.7017543859649124,0.03134753076996126,0.043833134224083026,0.06777207156109044,0.3787879018856009,0.45964912280701753,-0.03686440806084886,0.17577264704400122,0.1913869880085022,-0.6136599231493456,-0.6561403508771929,0.17577264704400122,0.14439965908310792,0.14807076902942162,-0.050879041556876343,-0.11062339645446956,-0.14439965908310792,0.020215041426974587,0.03110969986542607,0.5523061591785687,0.6315789473684211,-0.001037342059990483,-0.14139284423591997,0.014164761381106662,True,True
single_split_2018_2020_to_2021_2022,0.3,无锡,19,19,0.03509043147905824,0.03990728368352765,0.7039398327598388,0.7070175438596492,0.032058159440938254,0.04443437115727522,0.06817570291556622,0.39521059399501657,0.47719298245614034,-0.03746564499404106,0.17812740253257706,0.19365989694178262,-0.6072898646814776,-0.6315789473684211,0.17812740253257706,0.1427563604893792,0.14657605778508104,-0.027880576996432954,-0.0228270500620334,-0.1427563604893792,0.02062745623005849,0.031203986023876758,0.5579704788259543,0.6315789473684211,-0.00028754534057728875,-0.1430369710535188,0.014462975248999754,True,True
single_split_2018_2020_to_2021_2022,0.3,沈阳,19,19,0.034887197424218724,0.03976018995979138,0.7021109589996191,0.6947368421052632,0.03185492538609874,0.045454304038729125,0.0686264960362217,0.39110608044687367,0.48947368421052634,-0.038485577875494954,0.17970771598728508,0.19486750934655697,-0.6055312817579543,-0.6526315789473683,0.17970771598728508,0.14255200179585517,0.14636460464028536,-0.023754649684429426,-0.0228270500620334,-0.14255200179585517,0.02039253078525252,0.031163026202730502,0.5552055405398172,0.6385964912280702,-0.0008598527017125507,-0.14482051856306635,0.014494666638966203,True,True
single_split_2018_2020_to_2021_2022,0.3,石家庄,19,19,0.0346926384793354,0.03960030103755605,0.7033660147316272,0.7035087719298245,0.031660366441215414,0.044502636757188456,0.06821501633695704,0.39474653330506027,0.4842105263157894,-0.03753391059395429,0.176385121109701,0.19203356043487774,-0.60682644437139,-0.6473684210526316,0.176385121109701,0.1434230573746787,0.14722632079898912,-0.02952241146063128,-0.035118538556974464,-0.1434230573746787,0.020720869042940154,0.031210923580411266,0.5573635191040193,0.6421052631578947,-0.0003809581534589575,-0.1416924826303656,0.013971769436395248,True,True
single_split_2018_2020_to_2021_2022,0.3,长春,19,19,0.03343670750021202,0.038100671698565146,0.7179796018907872,0.7245614035087719,0.03040443546209204,0.045881679029408436,0.06872906627873628,0.4018902284455245,0.4929824561403509,-0.038912952866174265,0.17625195599768775,0.19189632679473523,-0.6213585297175529,-0.6561403508771929,0.17625195599768775,0.1444412420677578,0.1481039023628907,-0.02715207090771892,0.01229148849494106,-0.1444412420677578,0.019307697557358644,0.030530890195955108,0.5721251154530187,0.6614035087719298,-0.0019446859296064255,-0.14281524849747573,0.014129009942853377,True,True
rolling_origin_2010_2022,0.1,__FULL_SAMPLE__,58,20,0.014631627521206924,0.020784751888561152,0.5536486194770595,0.5480020917284445,0.010214665436156933,0.02281586067213543,0.031174623540153233,0.32390736856239555,0.39721307945492024,-0.018722039881755595,0.09348707065913624,0.10529622143251693,-0.4614801851046265,-0.5227248258766155,0.09348707065913624,0.06160048601623079,0.06490903216973652,0.24230193591567767,-0.15963814547697155,-0.0612556584300239,0.012317999034466072,0.018341131084496313,0.5841966122455725,0.587507882623285,-0.0048360390362403765,-0.07885544313792932,0.0023136284867408523,True,True
rolling_origin_2010_2022,0.1,上海,51,19,0.015458745849706986,0.02153378472065043,0.5519156587232749,0.516289592760181,0.010759804477595872,0.023055342689080233,0.03196355342529488,0.2939059878725394,0.3483257918552036,-0.018399624927471797,0.09385121178137168,0.10549776282272362,-0.44890754963650525,-0.4919115818358953,0.09385121178137168,0.06092731279291254,0.06442537434479696,0.2755812707373288,-0.11593744943639953,-0.06053515593016743,0.01229442518714398,0.018665188256429495,0.5803425973434787,0.5587909230145774,-0.004005842347126122,-0.0783924659316647,0.003164320662563006,True,True
rolling_origin_2010_2022,0.1,丹东,57,19,0.014334306120378606,0.020544821742728186,0.48889388610262946,0.5253435312418979,0.009839853472433003,0.023093024124986067,0.03143315629742724,0.28499420162873046,0.3730878921441535,-0.019173611526341644,0.09112596355774219,0.10182949814388437,-0.40024200105244184,-0.49877655529875115,0.09112596355774219,0.06256780108249535,0.06547033683935204,0.27552426111369627,-0.140539146752755,-0.0622169238895129,0.012226317269296657,0.01835480919685348,0.5390057213397466,0.5671598257133298,-0.005228668837737977,-0.07679165743736359,0.0021079888510819496,True,True
rolling_origin_2010_2022,0.1,保定,57,19,0.013426334436783652,0.017825616496098227,0.6231426645944854,0.5535390199637025,0.00893188178883805,0.021754150625447746,0.029446135904134592,0.46086902557719084,0.4613041223749028,-0.020512485025879965,0.09220321809760061,0.10389648091943547,-0.5110269968358845,-0.5252224077434412,0.09220321809760061,0.06250575770072607,0.0654625354913209,0.23481415696737032,-0.21857020492886292,-0.06250575770072607,0.011364513637409925,0.01625810823038328,0.6482582198422067,0.6026154171036373,-0.00609047246962471,-0.07877688366081696,0.0020618207993737276,True,True
rolling_origin_2010_2022,0.1,北京,50,19,0.015831173037653853,0.02207390927540429,0.529837416279738,0.549483793517407,0.010707497018995865,0.024717086761127126,0.03316660804746766,0.27391014210986253,0.3842016806722689,-0.02000955544723606,0.10056084610244077,0.11160871763921543,-0.426375646747354,-0.49849936387391125,0.10056084610244077,0.05976289325289093,0.06345563980627615,0.30051429501399374,-0.07196906918746421,-0.05936289325289093,0.013309717236967975,0.01954742282281657,0.5636239339170679,0.5856082980871156,-0.005234972409395588,-0.08472967306478692,0.0025214558006858775,True,True
rolling_origin_2010_2022,0.1,南京,51,19,0.015098933355344426,0.021575934453377778,0.5520519468972757,0.5458823529411764,0.010795633286495618,0.022739604359565554,0.03160859607943689,0.28928701623443953,0.36986425339366513,-0.01816965268638882,0.092873929970246,0.10539104147286875,-0.4421989719268739,-0.5128170321908013,0.092873929970246,0.06176642686198167,0.06522380528454108,0.2512597340447485,-0.16624047223523944,-0.06137426999923657,0.01243115447135051,0.018744019382832756,0.5782885303788582,0.5828638658474995,-0.0041964943554470505,-0.07777499661490157,0.0026677788839939154,True,True
rolling_origin_2010_2022,0.1,吉林,57,19,0.014711358591373026,0.020923669192053237,0.5286838713104037,0.527352864920923,0.010216905943427423,0.022953743811310955,0.0313844349968129,0.29998610171093903,0.3731527093596059,-0.01878810160355604,0.09208625903327312,0.10370493076788237,-0.4414647050551633,-0.5039538501425979,0.09208625903327312,0.06215488050774361,0.06535524818431303,0.2332471316570424,-0.21088799544226342,-0.06180400331476116,0.012534104280684777,0.01850131867685418,0.5637950966668124,0.5673542805107172,-0.0049208818263498585,-0.0773749004419001,0.0021772543106882494,True,True
rolling_origin_2010_2022,0.1,呼和浩特,57,19,0.01472736990005958,0.020931037493953777,0.55097685476842,0.5481591910811512,0.010232917252113977,0.023084450241599608,0.03143117543870918,0.3186516941094845,0.39655172413793105,-0.018918808033844693,0.09448338334251717,0.10610458084864349,-0.45814443350727657,-0.5240556789591166,0.09448338334251717,0.06141129314948179,0.0647701834230345,0.24649080990178768,-0.15302070880576782,-0.06106041595649933,0.012453627860275956,0.01849133945637064,0.5835452097167889,0.5909157201274938,-0.005001358246758679,-0.07975601344245759,0.002273742039783623,True,True
rolling_origin_2010_2022,0.1,哈尔滨,57,19,0.014297976265845782,0.020487067906053726,0.5295662678907557,0.5269639616282085,0.009803523617900177,0.023214893034764605,0.03144689475736455,0.3010713104730223,0.38216230230749293,-0.01904925082700969,0.09203986744909852,0.10362677055431378,-0.4411248895821778,-0.5078511125101645,0.09203986744909852,0.06231954343687444,0.06541897851394421,0.23527307887774213,-0.16200094955559785,-0.06196866624389198,0.012313580905206975,0.018426254391817734,0.5599972407561163,0.5681320997002669,-0.005141405201827657,-0.07774189118325274,0.001984395360638807,True,True
rolling_origin_2010_2022,0.1,唐山,57,19,0.014576431902670592,0.02083363233158997,0.547103614235637,0.5360383717915478,0.010081979254724989,0.022904248091334685,0.031358612092161633,0.3153669072034987,0.382940108892922,-0.01873860588357977,0.0923201771619281,0.10408018723620231,-0.4511998680370446,-0.5071298936997667,0.0923201771619281,0.061945133919049655,0.0652396814286964,0.2546777704387898,-0.14621258404957901,-0.0615942567260672,0.012534104280684778,0.01850131867685418,0.578157667798863,0.5709516942623847,-0.004920881826349858,-0.07774374525925751,0.0020423276219858136,True,True
rolling_origin_2010_2022,0.1,大连,52,19,0.015053723080047312,0.02141060617810557,0.5590191922969739,0.592760180995475,0.01120775975327265,0.0224485420129346,0.030523662101811413,0.3512114079435487,0.44711004866387777,-0.017894094118464536,0.09869496734273406,0.10991700069267286,-0.43089842604420786,-0.5008217541854993,0.09869496734273406,0.05982477068779897,0.06327957949431944,0.25788570669961347,-0.17657480835730693,-0.059440155303183584,0.012467167190150768,0.018596049524267293,0.574835016684992,0.5960171609220886,-0.004399130682266373,-0.08364124426268675,0.0025865558898965444,True,True
rolling_origin_2010_2022,0.1,天津,51,19,0.01445492329968079,0.02068899426601957,0.5774163993849706,0.5877828054298643,0.011136741354704927,0.022333286761730763,0.029523144493607215,0.4128208984284484,0.46832579185520357,-0.01836207256037215,0.09680258541087135,0.1091261540219991,-0.5785480527071033,-0.5933165910249526,0.09680258541087135,0.06001956616629113,0.06334007119461477,-0.011183714920122467,-0.1805835555649347,-0.05962740930354604,0.011783394048261689,0.017012734399593,0.6363292244642336,0.6345701357466064,-0.0041469455176353824,-0.08234766211119056,0.0026715292514191014,True,True
rolling_origin_2010_2022,0.1,太原,57,19,0.014708845915822255,0.020922449237331654,0.548322657250789,0.5390847809178119,0.010214393267876652,0.022329972105832423,0.03072695323182917,0.33680190890777206,0.42176562094892406,-0.018164329898077508,0.09302955931295784,0.10502858634861784,-0.4841598736121621,-0.564696731613089,0.09302955931295784,0.06136291950883803,0.06471506994930105,0.23288061115787542,-0.19192116679944632,-0.06101204231585557,0.012057368964132526,0.018147838128707433,0.5942989131805989,0.6121761113085191,-0.004444146509797606,-0.07832071339713559,0.0026514769516897286,True,True
rolling_origin_2010_2022,0.1,常州,57,19,0.014803569795712375,0.02095651515931808,0.5506872984121236,0.5345475758361422,0.010309117147766772,0.022749997731134668,0.031249350140421562,0.3164255895206748,0.38332901218563653,-0.01858435552337975,0.09283886518633695,0.1048013855764028,-0.45740386597681804,-0.5140736660265621,0.09283886518633695,0.06184472157754688,0.06517066526734587,0.24005188668844563,-0.1510755303039996,-0.06149384438456442,0.01240697486293751,0.0184764056330683,0.580108359588601,0.5728962422362589,-0.004793752408602591,-0.07803529539062458,0.0023965949327748644,True,True
rolling_origin_2010_2022,0.1,廊坊,53,19,0.01486496703847336,0.021225946300577565,0.5641409464345187,0.5128205128205129,0.01042439217810419,0.022024121115971945,0.03099689568883381,0.3106867675142418,0.3393807450411224,-0.01754409081706572,0.09141814634624709,0.10419335966033139,-0.47886953879128824,-0.5167415889936572,0.09141814634624709,0.06227792591843632,0.0657109948403361,0.2851323616983009,-0.11188191601286498,-0.06190056742787029,0.012134615353790786,0.018503234139856325,0.6022131975639174,0.5693436542493147,-0.0047671546174223875,-0.07655317930777374,0.0027303516846825734,True,True
rolling_origin_2010_2022,0.1,张家口,57,19,0.014021959301414364,0.019919879076286392,0.5783817283843161,0.5586595799844439,0.009527506653468763,0.022566366349944172,0.031061899930027427,0.27473766942225053,0.36926367643246044,-0.01840072414218926,0.09122855922820491,0.10205608625984841,-0.42221761825914206,-0.499165464893526,0.09122855922820491,0.06224801457748587,0.06539420535479976,0.29699820819118045,-0.12899775430893015,-0.06189713738450341,0.012534104280684778,0.01850131867685418,0.5593405304782151,0.5673542805107172,-0.004920881826349858,-0.07720659992679055,0.0014878550207295862,True,True
rolling_origin_2010_2022,0.1,徐州,57,19,0.014374293187498506,0.020603981614747913,0.5513544093839651,0.5367513611615246,0.009879840539552901,0.023058078162481708,0.031424245983196965,0.31487354105478527,0.38559761472647136,-0.018892435954726797,0.09263674144329398,0.10453838437310249,-0.4547414540353568,-0.5136523472988893,0.09263674144329398,0.06202982012319947,0.06529098985673988,0.23770468924628615,-0.15483620874075152,-0.061678942930217015,0.01242341746901839,0.018482436345804945,0.5764356247593589,0.5710165125281804,-0.005031568638016248,-0.07826244825579548,0.001950875718480117,True,True
rolling_origin_2010_2022,0.1,无锡,56,19,0.014246065988844656,0.020549192172972998,0.5805781747824892,0.6033492822966507,0.010307293393838157,0.022194128589913157,0.03002681797873643,0.3732720916387205,0.4747095010252905,-0.018092734427797134,0.09299118765154127,0.10521043972582522,-0.5057020621023258,-0.5892103420262539,0.09299118765154127,0.06147883999459764,0.06481798609855693,0.20901004485931174,-0.21224295799939122,-0.06112169713745478,0.011813559439543157,0.01784042164972859,0.6128213053370728,0.6371264034833773,-0.004579496474347864,-0.07874512166269661,0.0024325065493014993,True,True
rolling_origin_2010_2022,0.1,沈阳,55,19,0.014466217561953248,0.020865801901261315,0.5596966995046712,0.5593795093795095,0.00980833027226417,0.02316168653846503,0.031737753232522356,0.3234182829938108,0.3891774891774893,-0.018844566432246305,0.09341050432942861,0.10583330420339516,-0.47179230494552205,-0.5275708437157618,0.09341050432942861,0.06170958360461064,0.06515225794070081,0.23958012004888507,-0.15467620518996353,-0.06134594724097427,0.012468435979338157,0.018651633583584213,0.5906201896019964,0.5986760223921682,-0.00499431764757611,-0.07894428676747536,0.0019977815826150904,True,True
rolling_origin_2010_2022,0.1,石家庄,56,19,0.01494745980748686,0.021109986744989793,0.5538217670721186,0.5428571428571429,0.01043229218244295,0.02312148587391422,0.031546450803270704,0.3160993493304753,0.3885850991114149,-0.01900676453981923,0.09397954855045396,0.10598013435664594,-0.46290917825199884,-0.5219501359295214,0.09397954855045396,0.06126511466251513,0.06467916221902598,0.2442051197930941,-0.15990017953659033,-0.06090797180537227,0.012428200993959625,0.01853244183716514,0.5839573914807507,0.588526803346409,-0.004679028138654439,-0.07903208874296709,0.002519258813527235,True,True
rolling_origin_2010_2022,0.1,长春,57,19,0.014539236776168488,0.020799973185735253,0.5420582461925118,0.5311122634171636,0.010044784128222883,0.022931679666753878,0.03137347614219136,0.309880379795488,0.3818382162302308,-0.01876603745899896,0.09266629131609178,0.1045782653758213,-0.45540109096646236,-0.513781983830481,0.09266629131609178,0.06202951129141437,0.06529081419426797,0.24056816090652008,-0.1510755303039996,-0.06167863409843192,0.012454720300372,0.018491608617199486,0.5753847991772163,0.5709516942623847,-0.00500026580666263,-0.07812705453992329,0.002084516475796487,True,True
rolling_origin_2010_2022,0.2,__FULL_SAMPLE__,58,20,0.02320320160893483,0.02957195896678084,0.5276944642506519,0.5316167541383551,0.018181227365785653,0.03660496542701387,0.04840025131651853,0.40857077570859,0.49118651460363466,-0.03063538305497487,0.13542085111130503,0.14984798057558704,-0.5043794143685445,-0.5649331678141747,0.13542085111130503,0.1145424667243729,0.1177773857718578,-0.11227183524257046,-0.2371249226446907,-0.1145424667243729,0.019541102203899804,0.027250641598176667,0.4893682118596071,0.5529663303996837,-0.0061679301080175535,-0.1122176495023702,0.003662099405035025,True,True
rolling_origin_2010_2022,0.2,上海,51,19,0.024725432883386765,0.031031686128377436,0.5280706074587191,0.5244032142413283,0.020498644842282587,0.034925637203467925,0.04703706088046277,0.37425375565752556,0.46429541325104023,-0.028136700388207887,0.1363394381066076,0.15030762736302214,-0.48288889802868057,-0.548523589905,0.1363394381066076,0.11289897395192483,0.11621130722233858,-0.09555892389910506,-0.2605573284889841,-0.11289897395192483,0.019013775160909675,0.026973450782166793,0.4712315261972321,0.5392917763301613,-0.0038050696401024063,-0.11161400522322082,0.0057116577224770905,True,True
rolling_origin_2010_2022,0.2,丹东,57,19,0.02215877975630331,0.027744423426708888,0.5506910697269147,0.5366003863278354,0.01704870070187082,0.036792472445193944,0.04870213740701242,0.4198607311493516,0.49141116328041645,-0.031627531273320915,0.13348763735733285,0.14761435936413908,-0.4957075315925504,-0.555000973487261,0.13348763735733285,0.11579061581417376,0.11866688944471286,-0.04922959765452569,-0.21205045965144423,-0.11579061581417376,0.018960567524189825,0.02658998954666137,0.5024576487155078,0.5532597604866,-0.007199500442322569,-0.11132885760102953,0.003198212232113487,True,True
rolling_origin_2010_2022,0.2,保定,57,19,0.02244068467809743,0.02849333546862327,0.46293123510957923,0.5080136781410056,0.017330605623664935,0.03666236248128897,0.04862292793294304,0.41430597380713546,0.48091009370497423,-0.03175764123722589,0.1331182929436671,0.14697207583436878,-0.5053349400072924,-0.555000973487261,0.1331182929436671,0.1160841474271397,0.11875351294124768,-0.16263842339773477,-0.2916454592952818,-0.1160841474271397,0.019006735575898045,0.02667894008642958,0.46735177690427737,0.5373134334708175,-0.007153332390614352,-0.11067760826556966,0.0034339491021993865,True,True
rolling_origin_2010_2022,0.2,北京,50,19,0.024878833863224946,0.03116555816995357,0.4805937484394933,0.45590106973857436,0.019156541515161125,0.0397934189643135,0.05161386657055363,0.33012754958606605,0.4241944023792379,-0.03389163069466249,0.14720692089758733,0.15943975930758172,-0.43877820681794927,-0.5028214684675945,0.14720692089758733,0.1109636916988043,0.1143503980910291,-0.04584921839187019,-0.14918507629796257,-0.1109636916988043,0.020968428980168725,0.028892909853445975,0.4246684390522326,0.4748229091441363,-0.007100490971210606,-0.12232808703436238,0.003910404883056221,True,True
rolling_origin_2010_2022,0.2,南京,51,19,0.023619138115308354,0.030287126233187196,0.5490727342477545,0.5709243140204174,0.01888639686297529,0.03624922552353327,0.0487282817533834,0.4148937268438437,0.5178749229283532,-0.029534183680972798,0.13506174820117164,0.15079088248530512,-0.5099015452720362,-0.5894331951582069,0.13506174820117164,0.11434968444044898,0.11782700662030386,-0.11691456458526164,-0.23495990732783603,-0.11434968444044898,0.019652514320796777,0.02770343613611434,0.5004568506465595,0.5968548492085675,-0.005273352244867563,-0.11144261008586329,0.003966623794511577,True,True
rolling_origin_2010_2022,0.2,吉林,57,19,0.023514581541467978,0.029821484027575767,0.5247367739675844,0.524413762429595,0.018404502487035485,0.03593934281090087,0.04781412589515973,0.40249273363059135,0.4846049144815187,-0.029865030923562946,0.1339370063939595,0.14832137951378557,-0.5005085079238413,-0.558996548864229,0.1339370063939595,0.11479759771953735,0.11806537965434286,-0.11893930659206033,-0.2611667848184048,-0.11479759771953735,0.0193576127688805,0.027199926830304078,0.48536002062925326,0.5477822619791461,-0.005749823618684527,-0.11042242485249153,0.004156968772587477,True,True
rolling_origin_2010_2022,0.2,呼和浩特,57,19,0.023163996990014278,0.029639340542324824,0.5284348784349922,0.5303126069760836,0.01805391793558179,0.03678415709849643,0.048697671689505194,0.4086013335223327,0.4855772357385041,-0.030709845211158496,0.13586522142695484,0.15045171810990599,-0.5056226210083238,-0.563987878865104,0.13586522142695484,0.11453047506904274,0.11782165393395216,-0.11229030018293955,-0.23178365660303749,-0.11453047506904274,0.019803452137945366,0.027481927431792744,0.49011434340976223,0.5509585628887939,-0.006356615828567031,-0.11270122443694056,0.003360544852068912,True,True
rolling_origin_2010_2022,0.2,哈尔滨,57,19,0.02283166328291407,0.029245296774225677,0.48965330554638975,0.5093101274918823,0.017721584228481572,0.036909670673628804,0.04875643687864115,0.3813515559882895,0.4742334877403412,-0.030835358786290876,0.13279812567260302,0.14637005258426108,-0.46422482317362934,-0.5464209901607257,0.13279812567260302,0.11560862608457134,0.11859235568291998,-0.11760761745754297,-0.2245546636603746,-0.11560862608457134,0.019720801677863758,0.02746103970441049,0.4516825447631843,0.5344612448988889,-0.006439266288648639,-0.10996646238968895,0.0031108616050503114,True,True
rolling_origin_2010_2022,0.2,唐山,57,19,0.02314243906406234,0.029620385584102325,0.5280259162769627,0.52940509243047,0.018032360009629846,0.03605630187522836,0.04798800309712496,0.4070389980345442,0.4866791998297541,-0.02998198998789043,0.13428788358694196,0.14881733784047155,-0.5042537680103747,-0.5620432048387891,0.13428788358694196,0.11468063865520986,0.11796297017692928,-0.11617048995580684,-0.25482383762204297,-0.11468063865520986,0.01953305136537173,0.027360700820674478,0.4880454069234932,0.5507640954861625,-0.0059252622151757545,-0.11114544452287962,0.003609387698690611,True,True
rolling_origin_2010_2022,0.2,大连,52,19,0.023891038650649073,0.03058775197412453,0.49080020603592983,0.4895084006877899,0.01828960584098268,0.03882811038883561,0.05072232876147371,0.36245486729419774,0.4493681710368931,-0.032717571126453064,0.141117889360387,0.15516151709137668,-0.49032305857166303,-0.5562362595989198,0.141117889360387,0.11238627473091391,0.1158428902569957,-0.14236726819253168,-0.24571174407086205,-0.11238627473091391,0.020901851969351577,0.028579699849155822,0.45410555100129857,0.5129781439463527,-0.006510892944931964,-0.11722685070973793,0.0029891866812974954,True,True
rolling_origin_2010_2022,0.2,天津,51,19,0.02330261750803841,0.029708633281541417,0.5472510978662665,0.5663476550692729,0.017654083728781057,0.038377683993392336,0.05065956775920208,0.4076916148391004,0.48955858742365477,-0.03238404922636045,0.13789862442709977,0.15321256190661672,-0.5019470030093048,-0.5734196117471378,0.13789862442709977,0.11434099429827552,0.11782633830418773,-0.05042025893698955,-0.18104319603279748,-0.11434099429827552,0.020218411642109312,0.028349031354774856,0.4994041493025287,0.5623557627041947,-0.007232177229619971,-0.11459600691906136,0.003084205865929099,True,True
rolling_origin_2010_2022,0.2,太原,57,19,0.02284749881488868,0.029269073776686073,0.5317649802856228,0.5342969649548545,0.01773741976045619,0.036243504504921656,0.0482313700969828,0.3960200391462394,0.47929866642711055,-0.030169192617583728,0.13436416123759032,0.1489187008411806,-0.49828452661057826,-0.5560525036460866,0.13436416123759032,0.11501192133576128,0.1182356981763885,-0.10195238114643243,-0.21768956193916628,-0.11501192133576128,0.019883928558354184,0.02748864298684288,0.4831076896388027,0.5490682223302545,-0.006276139408158211,-0.11151666242270164,0.002963570256534497,True,True
rolling_origin_2010_2022,0.2,常州,57,19,0.02257734880217574,0.028792836880338336,0.5494027281393848,0.5564414195430238,0.017467269747743246,0.03651616365087961,0.04851004234683238,0.43705211341570144,0.5377647421749303,-0.031903840067635254,0.13525406716182117,0.14993286284852914,-0.5144769463117086,-0.5741370928536705,0.13525406716182117,0.11498589665422969,0.11821621140943667,-0.11341741610491735,-0.22547174805889716,-0.11498589665422969,0.019248281469617854,0.027066488535405265,0.5063129336386671,0.5747759719443374,-0.006911786496894545,-0.11267671835964543,0.0033290673325578855,True,True
rolling_origin_2010_2022,0.2,廊坊,53,19,0.023206801314259912,0.02949422800777904,0.570478829511315,0.5453702407006866,0.019042008914963215,0.03428881469715875,0.04599534522917733,0.441372136615949,0.5113297331357528,-0.028141696227745663,0.1313317588596423,0.1462832232246656,-0.5109654081093408,-0.5754087464911651,0.1313317588596423,0.11518573931064381,0.1184263389309672,-0.04701567211879292,-0.23200833479155458,-0.11518573931064381,0.018358321151755928,0.026436365695594526,0.5165568831619908,0.5698848870370771,-0.00495404586389135,-0.10812495754538239,0.004848480162503985,True,True
rolling_origin_2010_2022,0.2,张家口,57,19,0.022960502741775145,0.029424092587248492,0.5711467637449902,0.5899492771164084,0.019149968846536927,0.03399829490494068,0.04221422770530484,0.5233057163034879,0.5652427573941737,-0.02792398301760276,0.13324824745958652,0.14720440728516462,-0.6392072144398888,-0.6422285971905084,0.13324824745958652,0.11416948422592678,0.11743646435512792,-0.22363298372566914,-0.3009149719961603,-0.11416948422592678,0.01793461081956276,0.02321711940341421,0.6006549698602546,0.6289724025777949,-0.004326821669366789,-0.11028774471781137,0.005025891922212384,True,True
rolling_origin_2010_2022,0.2,徐州,57,19,0.022780124233874356,0.029164383732198845,0.5248240706204148,0.5246730522997703,0.017670045179441863,0.03681105176496082,0.04871182151190956,0.3969045684733263,0.48110455795637125,-0.030736739877622887,0.13408864732594247,0.1485417211342541,-0.49599050626968627,-0.55394039639581,0.13408864732594247,0.11521937732254181,0.11837926172102488,-0.11994541226946147,-0.22452210062910136,-0.11521937732254181,0.019662554935021406,0.027437786631486508,0.4806609630256166,0.5476202058102866,-0.00649751303149099,-0.11130852309206812,0.00311756929885295,True,True
rolling_origin_2010_2022,0.2,无锡,56,19,0.02322943750674507,0.029532241958544238,0.5155918992748816,0.5061266348615371,0.018028107040626278,0.036786593558008084,0.04875262302777194,0.4050782779945445,0.4904641477041096,-0.030603811815539124,0.13625089982315566,0.15066815607279638,-0.5003295460684736,-0.5613261564242992,0.13625089982315566,0.1145019540786353,0.11769759285903557,-0.16097949075650106,-0.28333784841472137,-0.1145019540786353,0.019702106688069442,0.02756808834993799,0.47569575775729206,0.5327864657091868,-0.006581698755866937,-0.1130214623164106,0.0035273308186756294,True,True
rolling_origin_2010_2022,0.2,沈阳,55,19,0.0232899211487865,0.02983101603198884,0.540327364826676,0.5400920004300999,0.018224707088532056,0.03662545020847924,0.04843480063191917,0.4217646613576837,0.49549029640494413,-0.03033025425251084,0.13580241191906858,0.15087514536910399,-0.5165925571025612,-0.5691350238333217,0.13580241191906858,0.1145190090852998,0.11791560145545243,-0.1117276900169104,-0.23204440655364034,-0.1145190090852998,0.01957430557553529,0.027437646379019603,0.5034594948658654,0.5593217289691274,-0.00615772724493179,-0.11251249077028208,0.003715615573251209,True,True
rolling_origin_2010_2022,0.2,石家庄,56,19,0.023201202503189248,0.029753785716120477,0.5267692850427266,0.5287533118117219,0.01799987203707046,0.03686095799199331,0.04890916473570417,0.4073136341585174,0.4832182662188643,-0.03067817624952435,0.13440618670721005,0.1492975289726048,-0.502816998985029,-0.5560625487954043,0.13440618670721005,0.11491124338417011,0.11823286549557362,-0.11358170803746866,-0.22886169038517257,-0.11491124338417011,0.019985441004291487,0.027676160357282292,0.4872219206006014,0.5470050421612668,-0.00616873413617353,-0.11120498420402081,0.003215761498897761,True,True
rolling_origin_2010_2022,0.2,长春,57,19,0.02278630786306561,0.029174377464743023,0.5294152100280892,0.530960831651522,0.017676228808633114,0.0370549146698798,0.04880139060615468,0.4068254726960295,0.48933687793218095,-0.030980602782541874,0.13454191232394283,0.1491460133311304,-0.5039720914926967,-0.5641823462677356,0.13454191232394283,0.11511992900792496,0.11831305074002464,-0.12096578976948225,-0.2268666388807758,-0.11511992900792496,0.01958623863218129,0.027396609162556065,0.48774235744115324,0.5514447313953726,-0.00657382933433111,-0.11175560446087722,0.003200069230884322,True,True
